,CustomerID,PRODUCT_QUANTITY,DISTINCT_PRODUCT,TOTAL_REVENUE,VISITS,pkm$cluster
2,12748,24210,1769,30100.71,211,1
3,14911,77180,1794,127250.08,202,1
4,17841,22865,1331,38994.56,125,1
5,13089,30787,636,56675.07,98,1
6,14606,5978,832,11223.65,94,4
7,15311,37720,571,59364.14,92,1
8,12971,9203,95,10923.3,87,4
10,16029,32148,46,58114.71,64,5
11,13408,16119,236,27577.09,63,5
12,18102,64122,151,251594.32,61,1
13,13798,23514,115,36351.42,58,5
14,14156,57025,716,110627.11,56,1
15,14527,2049,331,7612.46,56,4
16,16422,32592,72,34220.79,52,5
17,13694,61803,369,62785.56,51,1
18,15061,28590,71,52994.18,49,5
19,15039,9191,408,19553.88,48,4
20,16013,13845,34,33131.46,48,5
21,17450,69029,127,189147.03,47,1
22,17949,27571,29,52623.99,46,5
23,14298,58021,884,50655.56,45,1
24,15189,6035,80,15458.32,42,4
25,17811,4128,359,7535.79,40,4
26,17961,560,211,1157.47,39,4
27,13199,6172,48,9695.27,39,4
28,17315,3856,259,6131.76,39,4
29,13767,7258,55,16706.79,38,4
30,13468,2581,184,5614.91,38,4
31,12921,9454,233,16369.1,38,4
32,17389,7430,48,30356.52,35,4
33,16839,8470,117,15318.3,35,4
34,17850,1693,24,4850.71,35,4
35,13263,4780,450,7397.16,35,3
36,16133,8738,221,13953.4,34,4
37,13777,12804,40,25745.59,34,4
38,12569,1793,92,3647.51,33,4
39,15078,5069,98,9602.03,33,4
40,14735,2160,99,5802.68,33,4
41,17511,63012,467,88013.48,32,1
42,17675,8278,240,20042.45,32,4
43,17757,3316,275,5574.45,31,4
44,17677,9725,179,16178.9,31,4
45,12682,5575,209,11677.33,31,4
46,15159,11394,363,18010.9,31,4
47,12471,7965,152,17010.33,31,4
48,17381,25646,40,20272.43,30,5
49,15005,4204,368,6142.57,29,3
50,12901,20915,32,16293.1,29,5
51,17428,9435,255,16895.39,29,4
52,16684,49390,120,65581.33,29,5
53,13018,5434,313,7237.64,29,4
54,13098,15911,163,28152.08,29,4
55,16168,1888,57,3759.56,28,4
56,15856,10941,297,16161.19,28,4
57,15498,6084,362,13013.72,28,3
58,16525,6493,75,11853.81,27,4
59,15769,27660,26,51823.72,27,5
60,18109,4219,120,7522.22,27,4
61,17243,3362,180,8503.75,27,4
62,13078,5557,96,12410.08,27,4
63,18118,2877,424,5534.9,27,3
64,13319,4686,211,10543.26,27,4
65,14180,710,112,4080.92,26,4
66,17581,5861,231,10504.3,26,4
67,14667,5382,354,9144.41,26,3
68,12720,4654,211,5416.06,26,4
69,12841,2683,230,3838.84,26,4
70,13534,2876,119,5613.08,26,4
71,13854,2278,39,7869.02,26,4
72,14849,5656,159,7864.08,26,4
73,13113,2594,113,10470.52,25,4
74,13069,5466,285,3715.31,25,3
75,13102,4160,141,6328.76,25,4
76,14051,3741,52,15247.21,24,4
77,14056,4232,321,8100.06,24,3
78,15615,5493,185,10346.8,24,4
79,17857,19086,19,26313.82,24,5
80,15358,6927,292,8212.72,23,3
81,12681,7518,267,13022.91,23,4
82,14560,1223,39,2143.34,23,6
83,16779,5236,161,10447.45,23,4
84,16353,2006,51,6675.71,23,4
85,12415,77242,444,122658.74,22,1
86,13599,3169,172,4925.72,22,4
87,14688,3222,148,5092.37,22,4
88,13668,3637,286,6194.17,22,3
89,17068,2154,116,4512.02,22,6
90,16729,5769,235,7191.29,22,4
91,16814,2768,122,6443.2,22,4
92,16333,32184,9,26626.8,22,5
93,18041,3810,285,4139.86,22,3
94,14194,5783,269,11053.96,22,4
95,16523,4233,151,9163.67,22,4
96,16558,5346,264,8170.36,21,3
97,13881,10062,72,16893.16,21,4
98,16033,3516,539,8632.85,21,3
99,12621,7404,261,12944.92,21,4
100,16705,5458,135,13805.57,21,4
101,17865,5698,191,10040.84,21,4
102,18172,3170,101,7442.57,21,4
103,17017,6613,88,8574.11,21,4
104,16931,3158,448,4591.17,21,3
105,16672,2812,23,8060.47,21,6
106,14895,4823,275,10737.69,21,3
107,17377,2075,191,4090.93,21,6
108,14060,5374,86,6135.38,20,4
109,14397,1852,18,2556.68,20,2
110,16923,3183,316,6575.75,20,3
111,16161,2506,293,5230.55,20,3
112,15513,5545,183,14170.91,20,4
113,13267,1939,88,4360.28,20,6
114,17576,1954,245,3395.72,20,3
115,18229,2488,66,7058.66,20,6
116,17306,11470,13,8600.73,20,4
117,14031,5370,121,14451.48,20,4
118,15838,9007,56,33352.29,20,4
119,17735,8439,319,13087.94,19,3
120,12437,2918,119,4560.18,19,6
121,15290,4431,93,7702,19,6
122,12474,4764,253,6767.36,19,3
123,13004,4796,277,5602.39,19,3
124,13576,2640,78,6686.87,19,6
125,14534,1925,334,4020.18,19,3
126,16945,2725,137,4337.78,19,6
127,13969,4483,334,8707.42,19,3
128,14085,3183,272,4400.69,19,3
129,14562,1670,189,4555.02,19,6
130,15465,1217,43,6602.9,19,6
131,16746,4662,234,6632.39,19,3
132,13418,3839,223,5604.62,19,3
133,16928,2094,72,2778.94,18,6
134,17706,3833,270,9730.02,18,3
135,12540,6677,278,11940.51,18,3
136,14096,16335,1121,50205.49,18,3
137,18241,1047,60,2050.65,18,6
138,14796,5942,403,7809.15,18,3
139,14217,677,78,1899.18,18,6
140,14057,4708,179,6139.12,18,6
141,16745,6727,148,7170.7,18,4
142,14702,1444,196,3122.36,18,6
143,13050,3707,246,5598.81,18,3
144,16210,7559,74,20969.53,18,4
145,15805,3337,220,5430.33,18,3
146,16458,2154,52,3482.74,18,6
147,16626,2670,86,4195.29,18,6
148,18198,3839,81,5078.04,18,6
149,15144,3026,132,6530.04,18,6
150,15044,2786,233,7534.22,18,3
151,14367,4410,270,9158.37,17,3
152,16843,10154,226,10153.86,17,4
153,14543,600,43,2832.21,17,2
154,17920,2516,407,4093.6,17,3
155,15555,4410,404,4644.92,17,3
156,15738,2967,46,4774.85,17,6
157,15187,1869,61,4482.91,17,6
158,16592,2914,142,4068.32,17,6
159,17238,1822,297,3700.13,17,3
160,14680,12474,83,26905.25,17,4
161,14189,3919,176,4604.31,16,6
162,16187,5004,160,6768.32,16,6
163,12431,2868,163,6363.32,16,6
164,16011,2042,99,3352.73,16,6
165,18283,1397,263,2088.92,16,3
166,12709,3832,103,9013.77,16,6
167,12931,23377,29,33462.81,16,5
168,16656,8873,14,8568.24,16,6
169,17346,1639,299,2560.63,16,3
170,17404,32324,111,30176.1,16,5
171,15939,4725,28,6097.25,16,6
172,17719,2455,111,5329.12,16,6
173,15046,3307,147,5015.52,16,6
174,15640,6572,241,12268.42,16,3
175,15271,1257,184,2439.68,16,6
176,17611,2552,440,3939.59,16,3
177,15291,2074,63,4532.3,16,6
178,13985,3439,108,7012.61,16,6
179,12583,5009,115,6858.63,16,6
180,15867,2052,302,3727.04,16,3
181,13269,3509,178,5296.6,16,6
182,12683,4903,177,7793.49,16,6
183,15194,5648,209,7432.41,16,3
184,15125,5991,102,10971.21,16,6
185,12989,2915,41,6788.27,16,6
186,16904,2034,387,3685.77,16,3
187,17690,1767,186,4198.45,16,6
188,16713,4264,339,6723.31,16,3
189,15955,2124,137,4367.22,15,6
190,17613,2470,211,4498.58,15,6
191,18223,2890,119,6298.67,15,6
192,13695,1603,46,2484.09,15,2
193,16607,2822,140,2806.14,15,6
194,14607,7998,38,11339.78,15,6
195,13230,1544,393,2662.06,15,3
196,13090,2194,98,8439.22,15,6
197,16326,689,158,3037.03,15,6
198,13756,3164,66,5140.1,15,6
199,15694,1665,42,6311.07,15,2
200,14282,2668,70,3729.34,15,6
201,14135,3850,95,4690.31,15,6
202,15827,842,73,1623.81,15,6
203,18065,1024,110,2366.76,15,6
204,13458,5460,242,9526.88,15,3
205,15601,4978,230,6723.84,15,3
206,14092,2061,117,4053.18,15,6
207,12839,3804,96,5578.1,15,6
208,16700,4019,159,5037.24,14,6
209,15611,498,23,1500.74,14,2
210,17975,1552,189,4367.71,14,6
211,16782,703,103,2223.77,14,6
212,17965,1556,274,2572.93,14,3
213,17730,3567,127,5288.83,14,6
214,15547,4032,441,4902.06,14,3
215,14191,3657,146,4660.01,14,6
216,14415,2973,284,5774.72,14,3
217,16701,6211,99,5147.51,14,6
218,13709,3501,244,6181.48,14,3
219,14088,12593,379,48616.53,14,4
220,16764,1247,209,2752.73,14,6
221,15249,3557,211,6642.4,14,6
222,15152,2694,196,4621.52,14,6
223,17220,1905,303,3173.79,14,3
224,13871,2801,155,6357.68,14,6
225,17790,836,121,1942.53,14,6
226,15719,2724,299,5039,14,3
227,15804,2515,170,3797.05,14,6
228,12712,1044,59,4031.34,14,6
229,14401,4505,113,4037.47,14,6
230,16393,1529,121,2941.05,14,6
231,14709,2482,71,4906.18,14,6
232,13013,2217,155,4749.36,14,6
233,15581,286,134,736.09,14,6
234,13001,5497,166,9797.92,14,6
235,13488,4512,272,8750.31,14,3
236,12757,2385,237,4076.93,14,3
237,16191,3203,67,4913.32,14,6
238,16722,4989,96,4711.21,14,6
239,13880,1842,125,3193.17,13,6
240,16553,4595,63,5659.05,13,6
241,14866,6569,30,14168.98,13,6
242,15502,3823,164,5465.14,13,6
243,13266,4299,83,3657.75,13,6
244,17954,2229,327,2295.37,13,3
245,15301,2768,167,4996.68,13,6
246,13983,1170,91,1772.12,13,6
247,12647,1420,79,3316.72,13,6
248,14800,3634,248,4161.45,13,3
249,15482,2998,46,6479.34,13,6
250,13094,1542,4,1708.86,13,2
251,18073,3098,23,3844.4,13,2
252,14040,1524,147,3497.55,13,6
253,17870,1400,214,1871.96,13,6
254,14944,2801,101,5823.51,13,6
255,18225,3206,151,5342.2,13,6
256,13148,1828,238,3266.87,13,3
257,16678,2368,93,3013.83,13,6
258,15298,2752,115,3774.1,13,6
259,12395,2113,91,2803.47,13,6
260,12731,8366,109,17927.78,13,4
261,17652,2479,118,4693.06,13,6
262,13552,1386,82,3474.01,13,6
263,12678,10899,105,16481.35,13,4
264,14733,3725,102,9399.22,13,6
265,14110,2455,94,5669.65,13,6
266,15373,476,74,2101.38,13,6
267,16241,1453,347,2607.87,13,3
268,13999,2231,102,3865.26,13,6
269,16186,3008,87,3986.42,13,6
270,17139,5163,309,10203.94,13,3
271,15570,2058,232,4050.81,13,3
272,17402,701,33,2493.96,13,2
273,17659,1486,127,2866.62,13,6
274,13742,1116,200,2986.26,13,6
275,17419,1872,155,4113.76,13,6
276,17809,2015,47,5334.86,13,2
277,16401,3858,68,4061.24,13,6
278,16818,2163,172,3285.53,12,6
279,15023,2863,347,6404.42,12,3
280,12662,2040,129,3660.95,12,6
281,17644,1741,103,2763.96,12,6
282,12877,1178,100,1535.77,12,6
283,16837,1562,123,3056.82,12,6
284,17061,1484,57,5048.73,12,2
285,14462,932,151,1932.58,12,6
286,14502,1483,369,2322.54,12,3
287,15854,939,105,2974.65,12,6
288,14825,991,82,2202.07,12,6
289,17340,5902,231,12032.63,12,3
290,13631,460,6,3021.77,12,2
291,14711,966,221,2222.99,12,6
292,16912,1014,89,2483,12,6
293,14132,3366,100,3572.29,12,6
294,14776,2688,44,2195.58,12,2
295,14062,5593,60,10464.85,12,6
296,12955,3642,81,4734.26,12,6
297,15529,3489,415,3967.78,12,3
298,13081,19021,511,27834.48,12,3
299,18092,4250,28,8973.6,12,2
300,14291,2748,145,3795.18,12,6
301,16670,2524,179,3995.84,12,6
302,12523,861,84,1677.57,12,6
303,15514,1791,96,2963.19,12,6
304,17725,2141,115,3339.11,12,6
305,13268,3635,257,3134.92,12,3
306,17364,2680,288,4428.05,12,3
307,16145,3072,134,3736.46,12,6
308,15251,6084,97,10091.97,12,6
309,12500,2671,34,4087.51,12,2
310,14713,1613,146,2641.66,12,6
311,13571,1759,157,2079.6,12,6
312,18226,3459,141,5189.59,12,6
313,14239,986,83,2301.3,12,6
314,15971,1717,10,4199.85,12,2
315,14952,3295,119,7872.91,12,6
316,14099,2177,167,3070.95,12,6
317,14755,2217,128,4929.76,12,6
318,15235,1324,132,2233.59,12,6
319,14032,2008,53,2929.84,12,2
320,14159,4395,501,4660.3,12,3
321,18144,1343,27,2855.63,12,2
322,12476,2337,177,5856.56,12,6
323,17716,3004,172,5480.83,12,6
324,17858,2706,101,4994.49,12,6
325,15033,1692,315,2529.39,11,3
326,12481,3290,150,5165.31,11,6
327,16767,4435,148,5565.24,11,6
328,16985,1830,62,5445.06,11,2
329,13014,886,67,3162.63,11,2
330,13047,1355,106,3068.25,11,6
331,12594,1776,50,3248.18,11,2
332,18044,1032,88,2016.29,11,6
333,18219,883,58,1996.48,11,2
334,17162,1000,81,1696.67,11,6
335,14426,2339,187,3820.56,11,6
336,17940,9751,8,2208.61,11,2
337,13184,1662,138,1648.79,11,6
338,13890,826,74,1858.1,11,2
339,15150,3633,282,5235.27,11,3
340,12600,773,32,2460.89,11,2
341,18055,2450,223,6604.32,11,6
342,13426,2224,104,3549.06,11,6
343,12362,2212,201,4879.94,11,6
344,17769,1857,200,3915.4,11,6
345,17651,3100,149,3883.91,11,6
346,16638,1254,92,1557.73,11,6
347,17231,1736,294,3115.27,11,3
348,16293,978,102,2178,11,6
349,13784,2493,9,2428.11,11,2
350,12553,1924,95,3453.75,11,6
351,15129,1794,54,3426.89,11,2
352,13769,1152,73,2730.79,11,6
353,13178,3570,95,5725.47,11,6
354,14227,1811,117,3305.79,11,6
355,16775,440,84,1651.54,11,6
356,16076,1363,71,2173.53,11,2
357,15058,1069,199,2089.63,11,6
358,14243,1204,99,2513,11,6
359,17001,2164,75,3922.41,11,6
360,15218,3329,77,5751.37,11,6
361,13097,2341,215,5710.13,11,6
362,14810,1016,106,2077.92,11,6
363,18075,1437,97,2506.66,11,6
364,16712,1749,259,3590.11,11,3
365,13629,4372,28,7786.84,11,2
366,16919,1413,141,2596.45,11,6
367,17512,2752,61,2920.04,11,2
368,16794,933,142,1201.51,11,6
369,17799,1755,280,2984.08,11,3
370,16570,2050,70,3632.87,11,6
371,12567,4089,323,8501.54,11,3
372,17491,2012,72,3511.12,11,6
373,12708,1270,86,2447.77,11,6
374,12747,1275,42,4179.57,11,2
375,15984,1833,217,2767.28,11,6
376,13324,5200,25,6952.8,11,2
377,18077,1878,101,2633.01,11,6
378,15606,720,51,2422.64,10,2
379,14456,2901,580,3034.58,10,3
380,17705,957,63,1781.12,10,2
381,17218,958,146,1939.76,10,6
382,14525,2662,218,4131.84,10,6
383,13588,2573,132,2431.2,10,6
384,17504,1456,112,2711.52,10,6
385,17049,2669,201,5357.8,10,6
386,17091,1743,119,3784.57,10,6
387,15602,1001,31,1083.87,10,2
388,12490,3064,131,5164.6,10,6
389,14410,293,197,579.06,10,6
390,18061,955,18,2111.57,10,2
391,16813,1525,248,1692.98,10,3
392,13704,1528,111,2274.55,10,6
393,13021,1336,103,2525.41,10,6
394,16549,2365,445,4147.11,10,3
395,13993,892,66,3228.49,10,2
396,15660,1037,55,1546.49,10,2
397,12417,1539,158,3258.41,10,6
398,14309,1619,75,2281.04,10,2
399,15024,920,105,1655.81,10,6
400,16942,807,159,1880.31,10,6
401,14211,1232,87,2205.54,10,6
402,12664,1202,10,4531.74,10,2
403,14390,2125,135,4562.51,10,6
404,16407,1124,99,2114.25,10,6
405,14961,3692,193,6939.62,10,6
406,13491,903,73,1200.94,10,2
407,16710,1836,268,2441.45,10,3
408,15281,1193,122,2215.67,10,6
409,13755,1241,232,2102.74,10,6
410,17530,1526,306,2330.65,10,3
411,14573,538,127,1478.6,10,6
412,16426,1243,211,1908.25,10,6
413,12980,864,6,3697.5,10,2
414,16156,1270,109,3000.78,10,6
415,17069,1482,111,2612.38,10,6
416,12428,3503,258,6545.58,10,3
417,13305,1232,50,1989.82,10,2
418,15114,3096,136,2760.56,10,6
419,14221,2190,123,3334.06,10,6
420,14701,909,273,2154.35,10,3
421,12626,3350,232,6001.58,10,3
422,12705,3973,228,6546.03,10,3
423,14587,759,170,1576.16,10,6
424,15687,1308,119,2924.66,10,6
425,13082,4313,63,3588.52,10,6
426,14258,7098,58,12577.92,10,6
427,15021,829,287,1864.25,10,3
428,15622,1552,169,3138.87,10,6
429,14292,1643,67,4742.77,10,2
430,14659,1183,147,2445.49,10,6
431,13700,2304,139,2265.12,10,6
432,15628,1882,85,2865.64,10,6
433,14299,2013,94,2830.52,10,6
434,14395,1689,181,3469.15,10,6
435,15544,3105,122,3536.99,10,6
436,16265,2627,164,5173.97,10,6
437,14901,659,73,1359.6,10,2
438,16817,762,76,1433.96,10,2
439,15059,602,161,1299.42,10,6
440,17071,1182,102,2385.48,10,6
441,16019,1649,133,3382.32,10,6
442,15356,1673,215,2766.5,10,6
443,12584,354,44,1751.52,10,2
444,12619,3354,50,3067.48,10,2
445,16359,1154,39,1378.41,10,2
446,14936,4083,210,7984.68,9,6
447,13971,1818,118,2696.7,9,6
448,12637,2990,205,5826.53,9,6
449,15845,1918,97,3648.36,9,6
450,17567,2428,110,4009.8,9,6
451,15750,1779,214,2448.47,9,6
452,15796,859,71,2656.14,9,2
453,13725,659,97,1695.49,9,6
454,12352,470,59,1321.54,9,2
455,15696,1022,140,2609.86,9,6
456,15916,752,125,1452.69,9,6
457,17800,736,51,1199.01,9,2
458,13093,3943,99,7496.71,9,6
459,15241,1815,82,1733.58,9,6
460,17528,2130,183,3327.03,9,6
461,14704,1082,288,1521.45,9,3
462,15518,1262,136,1904.45,9,6
463,15632,2049,107,3147.31,9,6
464,17114,210,85,721.69,9,2
465,17509,3530,75,6100.74,9,6
466,16016,618,156,1472.63,9,6
467,14547,2658,198,3880.16,9,6
468,12963,873,76,1824.72,9,2
469,17097,457,153,915.45,9,6
470,17230,1553,51,3408.11,9,2
471,17368,680,93,1341.49,9,6
472,12949,2363,166,4134.74,9,6
473,17848,398,41,876.36,9,2
474,16255,1760,146,2581.1,9,6
475,15034,2411,299,4219.62,9,3
476,12483,1097,46,2003,9,2
477,17696,1730,79,2196.09,9,2
478,13870,1320,91,2731.81,9,6
479,12704,1003,64,1820.4,9,2
480,15932,2311,93,2461.85,9,6
481,16365,504,45,1521.23,9,2
482,13137,2225,346,3640.42,9,3
483,16316,1466,121,2335.13,9,6
484,12423,1327,97,1757.53,9,6
485,13126,2130,124,2046.82,9,6
486,17997,2078,134,1480.1,9,6
487,13327,1588,74,3612.05,9,2
488,14071,900,271,1257.53,9,3
489,14769,7406,718,10535.7,9,3
490,15861,2543,339,3000.36,9,3
491,17750,3957,101,1797.57,9,6
492,17888,431,60,515.54,9,2
493,16954,1054,40,2029.16,9,2
494,14732,1402,105,2677.86,9,6
495,14868,1399,96,2900.56,9,6
496,14334,1730,98,2539.46,9,6
497,12779,1996,88,3860.42,9,6
498,17634,840,209,2322.41,9,6
499,16180,5853,92,10192.64,9,6
500,14808,2054,179,2182.02,9,6
501,15521,1674,117,2359.8,9,6
502,14083,732,162,1011.47,9,6
503,15304,100,8,588.14,9,2
504,17293,1140,93,1801.34,9,6
505,13012,671,68,1303.34,9,2
506,17861,1968,172,2008.76,9,6
507,15737,584,60,1107.72,9,2
508,17629,1621,106,1765.19,9,6
509,13394,2215,126,2311.28,9,6
510,13842,1768,155,3267.38,9,6
511,17314,1884,120,2509.74,9,6
512,17837,515,110,1516.55,9,6
513,13209,4232,255,5778.64,9,3
514,18008,1581,24,2108.75,9,2
515,13862,1682,97,2187.31,9,6
516,17338,3123,390,6571.46,9,3
517,14505,2743,542,5723.84,9,3
518,12957,2531,208,3938.75,9,6
519,15953,885,65,1626.25,9,2
520,12598,1940,84,2903.8,9,6
521,12843,753,69,1659.8,9,2
522,14524,676,161,1743.82,9,6
523,14878,802,62,1482.78,9,2
524,13911,2731,120,2569.87,9,6
525,14341,1401,109,2163.62,9,6
526,14388,1933,124,3142.52,9,6
527,15527,988,128,2302.32,9,6
528,17173,1121,36,3727.81,9,2
529,17211,1310,150,2251.63,9,6
530,18257,1010,98,2252.08,9,6
531,13183,2208,51,3957.78,9,2
532,12494,690,63,1071.43,8,2
533,17449,1115,178,2492.93,8,6
534,15906,538,114,1479.11,8,6
535,14414,2509,79,1485.13,8,2
536,12948,1077,82,2048.18,8,2
537,16910,886,318,1491.1,8,3
538,17396,2005,24,7215.27,8,2
539,16242,1981,184,3591.3,8,6
540,13117,945,66,958.95,8,2
541,16686,2025,406,2918.26,8,3
542,12472,4020,226,5919.4,8,6
543,15708,1258,124,3321.44,8,6
544,14730,1132,317,1943.9,8,3
545,15214,1254,109,1650.9,8,6
546,17188,1301,71,2254.46,8,2
547,12457,695,53,1622.02,8,2
548,14107,1788,61,2673.6,8,2
549,14541,647,71,1459.73,8,2
550,15443,1660,237,3163.85,8,6
551,14572,1425,191,2732.21,8,6
552,17739,856,29,2786.05,8,2
553,14794,669,68,1228.88,8,2
554,13743,1775,8,1340.15,8,2
555,16905,1407,117,3048.87,8,6
556,15671,1681,52,2619.95,8,2
557,16115,1001,169,1666.05,8,6
558,13110,384,109,1416.87,8,6
559,16332,793,125,1583.2,8,6
560,13549,457,37,902.32,8,2
561,12464,112,6,871.84,8,2
562,14112,1608,117,2768.19,8,6
563,15974,2256,141,3387.09,8,6
564,16057,833,109,2120.6,8,6
565,16791,759,218,1672.65,8,6
566,15860,440,105,936.45,8,6
567,16743,2010,89,2191.84,8,6
568,15365,758,66,1535.26,8,2
569,14262,1645,87,2618.23,8,6
570,17655,956,66,2482.48,8,2
571,14744,625,21,1083.52,8,2
572,15140,1567,74,2338.32,8,2
573,15351,732,160,1857.18,8,6
574,15752,1973,236,2618.97,8,6
575,14344,477,56,837.89,8,2
576,17819,1027,36,3501.95,8,2
577,17988,42,37,156.25,8,2
578,16719,1202,108,1744.62,8,6
579,12826,1054,58,1468.12,8,2
580,12867,4274,241,3986.22,8,3
581,17758,2091,310,3445.04,8,3
582,13225,3352,23,6083.04,8,2
583,18116,848,230,1398.71,8,6
584,15370,828,65,2211.23,8,2
585,17663,793,63,1717.55,8,2
586,14533,2777,53,1812.62,8,2
587,17924,1141,27,2894.33,8,2
588,14976,230,47,739.33,8,2
589,13384,2415,123,4074.72,8,6
590,16652,3267,75,6540.74,8,6
591,15270,1459,22,2019.06,8,2
592,15473,552,4,1465.2,8,2
593,17213,1167,85,2705.6,8,2
594,17562,813,48,1107.38,8,2
595,14696,1626,117,2070.97,8,6
596,14738,576,39,1289.94,8,2
597,15134,887,44,1387.99,8,2
598,16725,293,110,760.19,8,6
599,15260,861,62,1758.81,8,2
600,14030,1479,210,1866.27,8,6
601,14472,1160,153,1872.36,8,6
602,15379,2293,145,3612.57,8,6
603,16966,1978,9,2148.47,8,2
604,17451,1178,83,1648.95,8,2
605,16474,918,237,1803.44,8,6
606,15410,1200,48,3379.68,8,2
607,15993,2042,336,2710.14,8,3
608,12939,4876,21,11581.8,8,2
609,15981,1866,53,3408.48,8,2
610,17063,763,66,1419.95,8,2
611,17416,4266,186,6827.3,8,6
612,16218,2077,56,3054.87,8,2
613,13527,1673,153,2250.46,8,6
614,15903,2409,46,5095.92,8,2
615,16609,2410,155,5431.64,8,6
616,18230,1298,32,2716.6,8,2
617,13610,514,165,1099.71,8,6
618,12935,1852,80,2156.45,8,2
619,14739,3817,47,3899.1,8,2
620,16983,1366,112,1913.24,8,6
621,17164,1500,92,2455.48,8,6
622,15874,2506,123,3952.56,8,6
623,14329,3075,218,4864.66,8,6
624,15910,1015,215,1226.91,8,6
625,12910,1692,48,3075.04,8,2
626,12524,3699,113,4225.62,8,6
627,17490,1021,64,1903.84,8,2
628,12744,5234,178,8804.96,8,6
629,15299,2940,9,3881.02,8,2
630,14201,578,32,688.04,8,2
631,17591,1008,81,2197.1,8,2
632,17894,405,127,1107.89,8,6
633,13139,2418,132,5032.58,8,6
634,17228,1532,140,1906.09,8,6
635,17323,770,125,908.99,8,6
636,17365,4777,278,4765,8,3
637,14364,1967,61,3714.59,8,2
638,13435,2125,68,3783.04,8,2
639,17434,1685,100,2288.47,8,6
640,14907,1686,125,3397.89,8,6
641,17372,749,215,1335.2,8,6
642,12727,2085,109,3714.09,8,6
643,14854,1822,110,2656.13,8,6
644,17090,920,45,2039.09,8,2
645,17193,1238,17,1674.46,8,2
646,18245,1781,155,2491.56,8,6
647,13630,1377,51,1995.68,8,2
648,12684,1985,61,2193.51,7,2
649,12856,1076,155,2149.13,7,6
650,16306,471,36,602.27,7,2
651,17133,2730,13,4892.24,7,2
652,12562,1779,99,3549.84,7,6
653,12599,956,32,968.5,7,2
654,12753,11250,132,20934.73,7,4
655,14404,831,70,1400.16,7,2
656,17874,209,37,630.54,7,2
657,14834,731,43,1692.83,7,2
658,13246,1552,110,1912.06,7,6
659,18139,5461,36,8393.22,7,2
660,13509,1106,27,974.71,7,2
661,14210,759,66,1885.17,7,2
662,17426,3082,179,4755.94,7,6
663,17682,1365,48,2448.41,7,2
664,13538,175,10,1280.85,7,2
665,15296,1757,137,3583.91,7,6
666,15382,4003,193,5888.98,7,6
667,13988,3025,188,3988.52,7,6
668,17284,1362,229,1641.68,7,6
669,15864,1044,16,1769.78,7,2
670,16434,767,88,1495.46,7,2
671,14948,661,56,1066.57,7,2
672,13448,1638,137,3451.27,7,6
673,16873,3825,179,6681.45,7,6
674,13804,1498,124,2614.03,7,6
675,15727,3065,213,4706.68,7,6
676,15811,1061,117,2153.68,7,6
677,14315,1010,64,2404.62,7,2
678,16466,789,103,1591.54,7,6
679,15107,162,13,242.29,7,2
680,18272,2044,99,3064.78,7,6
681,12477,3620,192,12901.52,7,6
682,14215,1354,98,1772.4,7,6
683,17519,1233,60,1839.07,7,2
684,16455,988,69,1841.18,7,2
685,15220,1377,110,1753.9,7,6
686,17027,415,110,848.59,7,6
687,17460,176,18,452.63,7,2
688,12783,622,76,1400.8,7,2
689,12830,9847,14,6804.65,7,2
690,14507,588,79,1330.86,7,2
691,16143,917,75,2171.94,7,2
692,14640,829,87,1987.43,7,2
693,16360,2128,365,3404.73,7,3
694,16531,915,68,1212.95,7,2
695,12347,2458,103,4268.6,7,6
696,12766,3646,205,6647.44,7,6
697,16173,571,70,1399.1,7,2
698,13437,1283,143,3262.18,7,6
699,13520,1642,49,3097.62,7,2
700,14487,734,112,1138.4,7,6
701,16419,435,36,929.37,7,2
702,13650,918,79,1785.9,7,2
703,16929,929,51,1295.39,7,2
704,17107,4537,269,10351.59,7,3
705,12778,824,40,755.44,7,2
706,17673,1485,118,1622.22,7,6
707,15572,1229,166,2346.25,7,6
708,12528,750,50,1751.12,7,2
709,12853,782,66,1848.58,7,2
710,13340,5770,128,10696.8,7,6
711,16949,790,57,798.47,7,2
712,13924,1532,91,1657.12,7,6
713,16027,1146,12,764.66,7,2
714,13198,2645,200,3321.41,7,6
715,18177,705,53,1314.17,7,2
716,18260,1469,86,2573.05,7,2
717,17422,2195,93,1853.13,7,6
718,16184,560,26,1155.54,7,2
719,13317,1003,101,2116.31,7,6
720,17669,1916,45,3406.72,7,2
721,16744,805,198,1290.32,7,6
722,17135,1224,34,989.71,7,2
723,17183,1264,42,3248.78,7,2
724,12484,2185,256,4078.42,7,3
725,15764,2036,150,3108.39,7,6
726,14407,1412,67,2005.83,7,2
727,13208,786,124,1205.9,7,6
728,18097,1685,66,2676.79,7,2
729,16987,402,74,1578.73,7,2
730,17602,4135,335,5037.38,7,3
731,17685,1956,88,3191.53,7,6
732,15093,3733,52,4388.06,7,2
733,13590,1846,70,1970.6,7,2
734,13685,5056,29,3119.44,7,2
735,17109,573,107,859.76,7,6
736,12433,11071,219,13331.17,7,3
737,17287,559,88,997.51,7,2
738,14676,2498,30,2543.24,7,2
739,14898,1008,87,1177.76,7,2
740,13717,1958,92,1407.3,7,6
741,16918,708,97,1037.82,7,6
742,17007,587,50,859.99,7,2
743,15491,1624,108,2992.51,7,6
744,12721,1954,134,2474.15,7,6
745,17744,3376,111,2291.08,7,6
746,16170,1766,106,1850.46,7,6
747,17214,275,79,953.76,7,2
748,15987,1556,110,1448.77,7,6
749,14653,950,154,1904.37,7,6
750,13953,2724,8,3515.68,7,2
751,17596,4400,168,2822.41,7,6
752,16107,1176,16,3088.96,7,2
753,13232,778,147,1321.84,7,6
754,18168,585,101,1132.02,7,6
755,13456,756,43,1707.13,7,2
756,12726,3143,57,2520.99,7,2
757,12951,500,54,1035.11,7,2
758,16871,1250,131,2746.25,7,6
759,14178,1505,191,1620.91,7,6
760,17442,1490,97,2198.34,7,6
761,14408,1616,60,2606.53,7,2
762,14883,789,39,756.64,7,2
763,16556,1890,144,3267.6,7,6
764,15105,1211,90,2298.93,7,2
765,14004,2668,102,4492.24,7,6
766,12627,2752,162,4284.19,7,6
767,17686,2478,205,5601.75,7,6
768,16633,1137,115,2814.29,7,6
769,16841,2234,101,1774.62,7,6
770,13991,996,58,850.63,7,2
771,17191,1167,163,2064.89,7,6
772,17288,1203,118,1401.89,7,6
773,14466,1006,35,2158,7,2
774,17937,1754,19,4301.22,7,2
775,13758,1844,104,3148.75,7,6
776,14188,1145,34,2018.91,7,2
777,12947,1157,83,1395.37,7,2
778,16348,819,157,1377.65,7,6
779,16996,534,14,1427.46,7,2
780,17612,1787,117,1992.76,7,6
781,18094,2518,39,3017.3,7,2
782,14209,688,55,2019.77,7,2
783,13536,2136,91,3428.21,7,6
784,16717,1568,178,3278.36,7,6
785,15453,845,169,1377.89,7,6
786,17412,738,48,1258.06,7,2
787,16098,613,34,1817.09,7,2
788,16477,1415,111,2494.46,7,6
789,15038,187,105,659.25,7,6
790,13975,1725,240,2503.23,7,6
791,14409,1158,40,1882.29,7,2
792,15996,382,103,1001.9,7,6
793,13381,2027,77,3626.81,7,2
794,13477,1018,57,1416.69,7,2
795,15755,1397,127,2306.33,7,6
796,17867,253,62,612.27,7,2
797,16979,860,64,1782.65,7,2
798,17676,931,50,1383.27,7,2
799,12919,668,34,1301.44,7,2
800,14639,1428,138,2873.16,7,6
801,16266,398,44,837.05,7,2
802,14766,1323,111,2427.21,7,6
803,16790,892,88,1520.12,7,2
804,16880,753,121,1501.51,7,6
805,12610,1028,85,1753.36,6,2
806,16131,1802,55,3467.9,6,2
807,16655,2367,208,3678.64,6,6
808,15596,548,51,1340.46,6,2
809,14307,2058,150,2962.29,6,6
810,14741,841,35,1400.34,6,2
811,18180,1721,108,1835.47,6,6
812,16899,522,80,1281.56,6,2
813,17203,2850,116,3563.85,6,6
814,14432,2070,256,2255.51,6,3
815,17723,792,4,3276.4,6,2
816,17863,2638,110,3160,6,6
817,13104,504,14,1098.48,6,2
818,18037,20,19,60.06,6,2
819,13636,586,57,915.64,6,2
820,15253,864,52,915.3,6,2
821,12775,853,47,1309.21,6,2
822,13136,1312,97,2520.54,6,6
823,15117,1947,63,1543.47,6,2
824,15203,1753,82,1827.8,6,2
825,13623,286,78,648.92,6,2
826,13715,555,89,1053.94,6,2
827,15681,556,32,946.36,6,2
828,15998,2037,373,3046.61,6,3
829,14493,1279,95,2321.43,6,6
830,14931,416,30,884.66,6,2
831,16735,1554,88,2258.17,6,2
832,15400,360,10,666.7,6,2
833,13831,745,58,2183.67,6,2
834,12517,1348,232,2384.79,6,6
835,16681,1407,18,1770.34,6,2
836,13593,707,77,1984.76,6,2
837,14290,913,90,2272.47,6,2
838,14723,695,193,1148.58,6,6
839,13141,1547,113,2374.76,6,6
840,14903,1491,227,2698.73,6,6
841,13495,814,34,1990.12,6,2
842,17054,802,64,1298.82,6,2
843,14101,6942,15,5976.79,6,2
844,12576,964,72,1275.1,6,2
845,14232,1937,81,2041.17,6,2
846,12685,1523,117,2724.72,6,6
847,16566,361,14,614.01,6,2
848,17085,784,116,1555.05,6,6
849,15722,1021,47,2186.73,6,2
850,13118,389,68,1109.99,6,2
851,16809,651,79,912.74,6,2
852,13782,371,96,902.61,6,2
853,15426,663,222,1401.84,6,6
854,12473,2363,140,2679.72,6,6
855,15881,199,26,438.24,6,2
856,14434,368,3,1372.8,6,2
857,18171,477,43,1176.71,6,2
858,16628,1202,79,2183.04,6,2
859,15785,1594,58,2221.75,6,2
860,12691,394,21,987.74,6,2
861,14503,2004,113,3504.86,6,6
862,13397,429,28,1481.46,6,2
863,16618,1362,79,2555.76,6,2
864,16875,1044,94,2009.55,6,2
865,17050,1614,169,3215.2,6,6
866,14226,1301,64,2173.92,6,2
867,12643,1808,11,3223.46,6,2
868,16086,510,24,1119.31,6,2
869,14623,417,108,863.83,6,6
870,13481,1127,98,1776.81,6,6
871,16992,857,85,1577.15,6,2
872,17126,790,189,991.85,6,6
873,14257,1677,89,3055.79,6,2
874,12749,1422,160,3733.17,6,6
875,17609,721,199,1087.24,6,6
876,14482,1646,110,2055.97,6,6
877,16550,1526,163,2224.21,6,6
878,15179,1907,91,2186.2,6,2
879,15508,440,78,978.19,6,2
880,13994,940,122,2294.32,6,6
881,16059,643,126,1457.1,6,6
882,16321,78,7,230.7,6,2
883,18210,1398,109,2603.88,6,6
884,13632,1036,121,2114.26,6,6
885,12388,1462,57,2773.7,6,2
886,13984,271,14,488.03,6,2
887,14102,938,35,1312.22,6,2
888,14146,1886,183,2888.49,6,6
889,12909,1270,78,1652.68,6,2
890,14852,1747,96,2816.35,6,6
891,13882,950,54,1101.26,6,2
892,17086,1859,76,2024.11,6,2
893,14047,377,22,1290.01,6,2
894,12601,244,21,499.55,6,2
895,12676,670,33,1151.33,6,2
896,14745,1020,46,1167.16,6,2
897,16600,1145,50,813.52,6,2
898,14078,310,46,1043.85,6,2
899,17386,1902,23,2686.42,6,2
900,14515,1134,68,2092.13,6,2
901,13860,589,58,1229.71,6,2
902,14064,1350,59,1188.32,6,2
903,17236,474,88,907.65,6,2
904,14422,2906,189,4230.24,6,6
905,12868,928,72,1601.54,6,2
906,14719,1031,177,1590.22,6,6
907,13138,473,31,962.39,6,2
908,13450,1982,32,2043.72,6,2
909,13627,1266,84,1614.04,6,2
910,16877,463,111,841.8,6,6
911,12381,783,70,1520.07,6,2
912,17227,741,28,939.32,6,2
913,13213,1357,82,1488.51,6,2
914,15434,638,40,997.48,6,2
915,15674,1075,88,1736.86,6,2
916,12670,1391,58,2874.01,6,2
917,13026,1586,34,936.15,6,2
918,16283,1222,117,1510.63,6,6
919,17912,183,35,290.09,6,2
920,16500,123,8,245.85,6,2
921,18221,789,59,1025.03,6,2
922,13995,867,55,1383.49,6,2
923,14428,428,108,1161.63,6,6
924,14511,772,53,1252.4,6,2
925,17813,777,297,1614.31,6,3
926,16271,1037,90,1418.28,6,2
927,16362,325,58,652.07,6,2
928,18122,1234,239,1791.29,6,6
929,15089,1359,139,2343.68,6,6
930,15380,374,22,1682.36,6,2
931,12455,2089,85,2389.81,6,2
932,12613,1596,124,3095.8,6,6
933,18069,1308,334,2021,6,3
934,18236,403,42,882.24,6,2
935,13752,876,64,1146.51,6,2
936,13883,1368,110,2495.75,6,6
937,15809,251,31,396.45,6,2
938,14312,1012,74,1583.64,6,2
939,15898,568,70,1377.76,6,2
940,16770,452,116,714.94,6,6
941,12408,1399,81,2715.64,6,2
942,17469,778,61,1843.06,6,2
943,16150,1004,91,1906.07,6,2
944,16327,2571,142,3829.16,6,6
945,13728,458,38,1005.1,6,2
946,15505,2348,90,3497.14,6,6
947,13949,2474,124,2427.32,6,6
948,15658,232,40,918.58,6,2
949,12828,494,46,1011.75,6,2
950,16103,558,30,1429.64,6,2
951,18161,810,49,1569.07,6,2
952,13451,2143,315,2911.65,6,3
953,15081,188,26,470.77,6,2
954,12383,1529,84,1746.14,6,2
955,12451,6455,265,8759.55,6,3
956,16042,745,68,1126.49,6,2
957,14665,500,63,1230.54,6,2
958,18231,808,106,2055.13,6,6
959,13658,1009,91,2327.19,6,2
960,15594,982,85,1767.53,6,2
961,12520,1430,121,2428.67,6,6
962,13027,17280,6,6912,6,6
963,17873,999,24,1644.97,6,2
964,18179,1360,86,1782.69,6,2
965,17463,1090,162,1858.14,6,6
966,14595,978,94,1733.69,6,2
967,13410,513,15,988.91,6,2
968,13499,1358,31,1146.96,6,2
969,13941,2307,24,4785.37,6,2
970,14235,1947,65,3086.18,6,2
971,14419,487,112,1058.06,6,6
972,17754,1820,82,1739.92,6,2
973,13092,271,19,459.83,6,2
974,16394,2317,61,1412.06,6,2
975,13523,1745,157,3481.83,6,6
976,15201,962,38,927.84,6,2
977,15240,1361,61,1680.89,6,2
978,16915,132,46,491.82,6,2
979,13884,297,45,778.54,6,2
980,14530,1410,140,2884.74,6,6
981,14621,987,80,1736.6,6,2
982,17838,1421,96,2175.61,6,6
983,14748,1192,90,1311.79,6,2
984,14841,1778,103,3279.2,6,6
985,15106,1144,90,1395.25,6,2
986,13654,2182,157,2650.63,6,6
987,16989,1233,7,1133.25,6,2
988,17302,573,68,1117.17,6,2
989,14214,748,64,980.79,6,2
990,16235,328,42,827.16,6,2
991,16497,1396,128,2893.18,6,6
992,16892,235,88,463.06,6,2
993,17160,2856,111,3508.01,6,6
994,12656,1708,89,3747.4,6,2
995,14289,292,33,900.22,6,2
996,12782,1070,81,2021.18,6,2
997,17593,3095,190,3901.64,6,6
998,14546,1287,255,2482.06,6,3
999,16668,318,9,306.72,6,2
1000,15208,314,25,853.7,6,2
1001,15493,555,177,1916.45,6,6
1002,15815,1856,33,2100.6,5,2
1003,15858,1167,145,1416.77,5,6
1004,12723,434,53,681.3,5,2
1005,17667,1037,85,2022.39,5,2
1006,12906,1749,55,2917.05,5,2
1007,16172,787,52,1134.69,5,2
1008,14626,1387,108,2693.55,5,6
1009,18232,299,31,578.89,5,2
1010,13748,439,24,924.53,5,2
1011,17180,680,91,774.86,5,2
1012,12714,3069,216,4516.35,5,6
1013,14443,931,86,1374.92,5,2
1014,16120,866,26,1294.14,5,2
1015,14565,1532,111,2945.46,5,6
1016,13824,768,34,1698.94,5,2
1017,14342,337,19,574.59,5,2
1018,17554,1763,58,1937.01,5,2
1019,12924,480,22,927.19,5,2
1020,13320,1066,77,1491.7,5,2
1021,16493,1113,40,1324.7,5,2
1022,18125,803,164,1135.82,5,6
1023,13362,1379,128,3074.95,5,6
1024,13813,550,54,1265.3,5,2
1025,13895,1364,97,2582.6,5,2
1026,12502,820,102,3087.64,5,6
1027,12539,2066,158,5269.36,5,6
1028,12913,1419,37,2473.61,5,2
1029,14673,1004,39,1736.4,5,2
1030,16395,1476,150,1484.14,5,6
1031,13309,1544,82,1456.79,5,2
1032,18239,795,80,1550.57,5,2
1033,16660,451,16,810.45,5,2
1034,13524,324,17,670.16,5,2
1035,16709,851,64,2844.85,5,2
1036,15950,722,86,1705.26,5,2
1037,16085,636,123,978.75,5,6
1038,14842,1146,128,2451.28,5,6
1039,13875,1316,79,1778.51,5,2
1040,17350,759,66,1246.15,5,2
1041,12668,1595,115,3460.55,5,6
1042,15938,240,13,404.58,5,2
1043,12840,1505,67,2714.27,5,2
1044,16153,1073,78,1812.39,5,2
1045,17774,511,124,1190.7,5,6
1046,17828,641,54,1174.87,5,2
1047,17869,111,37,376.62,5,2
1048,16637,891,66,1046.71,5,2
1049,13505,2461,182,3673.93,5,6
1050,13901,1739,144,2784.85,5,6
1051,12657,654,35,1049.34,5,2
1052,16444,405,70,627.15,5,2
1053,13316,6947,67,5966.92,5,6
1054,14145,636,6,3148.2,5,2
1055,15777,375,18,1013.33,5,2
1056,14498,1098,162,1794.87,5,6
1057,16094,633,48,1019.35,5,2
1058,12997,648,45,1152.19,5,2
1059,17929,107,4,834.5,5,2
1060,16350,542,41,1097.71,5,2
1061,16389,1230,33,1341.9,5,2
1062,18016,1029,90,1441.53,5,2
1063,13750,516,20,1647.26,5,2
1064,16998,73,2,287.02,5,2
1065,12444,1155,138,4002.35,5,6
1066,14176,207,28,574,5,2
1067,12674,1102,52,1773.96,5,2
1068,16203,261,27,589.15,5,2
1069,14657,465,103,827.39,5,2
1070,13159,1045,114,1371.72,5,6
1071,13510,1382,86,1772.61,5,2
1072,17075,289,62,802.85,5,2
1073,13956,491,123,998.18,5,6
1074,14035,739,41,1423.01,5,2
1075,17204,589,47,1308.33,5,2
1076,15625,1166,44,1504.56,5,2
1077,14077,268,33,499.42,5,2
1078,14297,861,49,1284.06,5,2
1079,13015,1617,156,3032.73,5,6
1080,14910,221,25,389.86,5,2
1081,16676,631,75,1487.76,5,2
1082,15128,1326,76,1414.02,5,2
1083,17062,428,53,534.47,5,2
1084,12432,1801,107,4148.41,5,6
1085,15584,312,89,713.19,5,2
1086,14198,280,35,650.78,5,2
1087,17633,630,60,1242.34,5,2
1088,13048,1230,77,1805.91,5,2
1089,16438,463,74,798.35,5,2
1090,13575,449,41,730.43,5,2
1091,16748,880,42,1515.9,5,2
1092,12380,1126,77,2503.63,5,2
1093,15812,922,36,1751.78,5,2
1094,15855,470,59,712.24,5,2
1095,17702,1320,62,1719.72,5,2
1096,16249,950,67,1777.99,5,2
1097,17966,2571,53,1095.92,5,2
1098,15108,497,50,1215.49,5,2
1099,16774,318,36,654.92,5,2
1100,15561,256,27,663.22,5,2
1101,17175,865,42,1364.71,5,2
1102,12518,1318,84,1960.77,5,2
1103,15841,926,36,1209.1,5,2
1104,14440,588,33,2281.4,5,2
1105,17692,666,34,733.44,5,2
1106,17731,392,54,843.4,5,2
1107,16456,1148,80,2158.37,5,2
1108,14916,1132,72,1264.84,5,2
1109,18135,349,11,681.91,5,2
1110,16682,1040,15,1028,5,2
1111,13644,2060,144,2531.76,5,6
1112,15392,1265,74,1508.77,5,2
1113,15621,463,11,1158.77,5,2
1114,14113,635,26,1372.9,5,2
1115,12700,2963,193,4681.42,5,6
1116,16225,493,109,1096.32,5,6
1117,15535,129,55,443.34,5,2
1118,14233,671,30,1447.51,5,2
1119,17410,616,57,1198.04,5,2
1120,17930,1594,26,1740.48,5,2
1121,16869,581,113,802.86,5,6
1122,14016,2124,154,4017.44,5,6
1123,17262,367,9,1253.36,5,2
1124,14177,204,37,545.47,5,2
1125,15808,1341,143,3705.45,5,6
1126,14447,571,54,1163.23,5,2
1127,17656,1399,67,1669.67,5,2
1128,16081,1477,175,2790.34,5,6
1129,16341,1388,60,1959.38,5,2
1130,14837,1430,96,1641.2,5,2
1131,12407,1416,57,1635.07,5,2
1132,14121,2078,148,2718.63,5,6
1133,15712,486,41,1064.08,5,2
1134,15882,266,23,495.36,5,2
1135,14477,719,7,1307.81,5,2
1136,16066,936,77,1511.83,5,2
1137,12928,1472,59,2062.7,5,2
1138,14553,493,103,685.5,5,2
1139,17770,365,33,1077.03,5,2
1140,16232,547,24,983.23,5,2
1141,13107,1288,54,1524.07,5,2
1142,13238,296,20,657.54,5,2
1143,16409,1306,145,2015.08,5,6
1144,15172,1611,106,1619.04,5,6
1145,13815,2557,132,3774.87,5,6
1146,17337,1240,421,1919.02,5,3
1147,17457,826,14,1732.18,5,2
1148,12693,250,35,766.88,5,2
1149,12916,1111,53,2927.65,5,2
1150,17856,826,12,1386.02,5,2
1151,16440,2018,186,3640.67,5,6
1152,15079,388,47,801.78,5,2
1153,16711,833,18,1627.99,5,2
1154,16750,214,74,577.68,5,2
1155,12530,900,51,1451.7,5,2
1156,14141,337,28,876.27,5,2
1157,16003,1185,82,2242.77,5,2
1158,16209,1179,37,2257.61,5,2
1159,16515,833,89,1627.13,5,2
1160,14978,525,136,1918.46,5,6
1161,16907,298,89,953.72,5,2
1162,17042,994,74,1044.38,5,2
1163,13925,327,28,566.01,5,2
1164,12597,2187,184,3227.87,5,6
1165,12633,1149,73,2036.5,5,2
1166,14441,430,45,1527.25,5,2
1167,13115,1534,92,2145.71,5,2
1168,14829,414,40,644.65,5,2
1169,18093,1381,31,2083.42,5,2
1170,18178,979,80,1573.41,5,2
1171,16726,977,121,1382.02,5,6
1172,13735,1083,161,2673.73,5,6
1173,13908,1470,104,2306.08,5,6
1174,12359,1612,214,4855.22,5,6
1175,15706,305,50,987.19,5,2
1176,17552,708,45,909.96,5,2
1177,14684,853,231,1231.32,5,6
1178,18211,359,37,598.55,5,2
1179,13634,704,156,1553.08,5,6
1180,13680,1267,164,2202.31,5,6
1181,17059,1855,292,3073.46,5,3
1182,14583,792,243,1044.77,5,6
1183,13134,1044,94,1727.08,5,2
1184,15367,1055,92,1862.17,5,2
1185,16955,246,18,471.42,5,2
1186,15411,528,86,1335.34,5,2
1187,15484,3136,135,3547.67,5,6
1188,15569,666,27,1372.95,5,2
1189,17400,1097,175,2092.06,5,6
1190,17526,257,17,684.44,5,2
1191,16379,1408,87,2126.38,5,2
1192,16463,1135,74,1383.7,5,2
1193,15227,750,43,1142.76,5,2
1194,15312,513,42,921.1,5,2
1195,15669,339,31,672.17,5,2
1196,17348,1401,180,1152.56,5,6
1197,17516,416,113,737.68,5,6
1198,17648,486,81,1767.6,5,2
1199,14691,707,50,2093.75,5,2
1200,13323,175,6,787.85,5,2
1201,14963,1176,149,1487.8,5,6
1202,15095,1077,30,1362.19,5,2
1203,16801,313,72,788.67,5,2
1204,16891,283,166,797.72,5,6
1205,13771,1476,114,2628.94,5,6
1206,15416,2089,165,3896.01,5,6
1207,15618,428,39,747.03,5,2
1208,12654,264,31,567.18,5,2
1209,16358,1301,82,2024.95,5,2
1210,14859,669,47,1322.48,5,2
1211,13313,851,47,1555.32,5,2
1212,13577,771,61,1655.79,5,2
1213,15605,441,61,1185.51,5,2
1214,17272,1776,70,2136.69,5,2
1215,12645,1072,58,1691.3,5,2
1216,15814,1247,64,1826.67,5,2
1217,14321,2406,111,1525.79,5,6
1218,12722,560,50,893.56,5,2
1219,16128,988,76,1869.18,5,2
1220,13168,680,102,1299.1,5,2
1221,16470,530,120,757.44,5,6
1222,16654,280,29,581.05,5,2
1223,15110,240,17,790.49,5,2
1224,17131,983,78,2414.57,5,2
1225,15563,1460,88,1314.17,5,2
1226,14129,592,31,1123.86,5,2
1227,17481,1060,69,1249.34,5,2
1228,17522,1034,59,1065.19,5,2
1229,14403,513,17,1349.03,5,2
1230,17653,1401,44,1116.59,5,2
1231,12936,539,56,1012.9,5,2
1232,16201,1267,74,1810.73,5,2
1233,14655,1088,35,1925.19,5,2
1234,14698,615,148,1236,5,6
1235,13157,1430,69,1721.57,5,2
1236,16503,567,71,1399.23,5,2
1237,15136,775,61,1282.45,5,2
1238,13647,894,65,1664.7,5,2
1239,16938,1025,212,1892.73,5,6
1240,15511,271,117,878.41,5,6
1241,14116,707,61,1369.69,5,2
1242,15834,961,243,1927.49,5,6
1243,17722,1572,112,2285.12,5,6
1244,13145,142,5,329.76,5,2
1245,14959,491,37,684.97,5,2
1246,15048,183,86,380.57,5,2
1247,12823,230,1,1759.5,5,2
1248,17671,659,40,1251.36,5,2
1249,12912,670,17,1662.3,5,2
1250,12952,652,64,1352.24,5,2
1251,14584,379,68,990.48,5,2
1252,16258,2994,111,5176.15,5,6
1253,13265,1752,66,2085.46,5,2
1254,18237,622,40,981.58,5,2
1255,12421,483,33,695.45,5,2
1256,14049,3846,352,5515.63,5,3
1257,15810,737,66,1117.59,5,2
1258,12679,530,45,986.58,5,2
1259,17527,463,45,871.14,5,2
1260,17700,1261,118,2491.39,5,6
1261,17738,1027,89,1796.11,5,2
1262,13079,62,2,220.1,5,2
1263,13162,1663,74,1644.99,5,2
1264,15027,563,30,1017.19,5,2
1265,15065,1355,148,2777.44,5,6
1266,16771,1489,200,2221.26,5,6
1267,15228,2252,110,3322.64,5,6
1268,15267,944,8,1717.36,5,2
1269,14005,2478,53,2826.24,5,2
1270,12557,4384,15,11990.96,5,2
1271,14251,1674,37,2879.7,5,2
1272,17470,1675,67,1125.07,5,2
1273,17560,651,22,849.43,5,2
1274,17827,1247,190,1976.94,5,6
1275,14692,255,53,582.05,5,2
1276,17994,473,63,615.77,5,2
1277,15132,679,49,977.93,5,2
1278,13950,321,33,679.03,5,2
1279,12463,757,66,1234.03,5,2
1280,14111,457,10,683.59,5,2
1281,15745,412,57,1064.2,5,2
1282,14506,730,204,1999.74,5,6
1283,17979,395,116,735.05,5,6
1284,15288,775,80,2289.96,5,2
1285,13719,609,56,1021.71,5,2
1286,13808,782,70,1682.14,5,2
1287,17096,332,46,977.8,5,2
1288,15532,508,205,1473.94,5,6
1289,13982,1132,72,1861.11,5,2
1290,17147,878,70,1619.67,5,2
1291,17324,844,43,965.18,4,2
1292,14231,402,47,819.3,4,2
1293,14276,723,52,1019.39,4,2
1294,16043,503,30,736.68,4,2
1295,14710,378,124,606.13,4,6
1296,13131,443,30,1039.3,4,2
1297,13217,114,3,133.62,4,2
1298,13614,570,171,1511.13,4,6
1299,15407,558,142,858.44,4,6
1300,14045,535,4,1659.75,4,2
1301,15676,2231,191,3266.32,4,6
1302,14175,1461,139,2998.18,4,6
1303,17523,872,25,631.86,4,2
1304,12937,1007,81,1501.51,4,2
1305,13158,784,59,1201.06,4,2
1306,13203,800,56,839.5,4,2
1307,14970,250,24,1592.06,4,2
1308,15060,263,81,297.57,4,2
1309,18263,1467,59,1211.08,4,2
1310,16728,677,218,1044.38,4,6
1311,13869,1721,234,3089.63,4,6
1312,17073,759,142,1436.05,4,6
1313,14034,315,82,461.67,4,2
1314,15624,357,26,582.61,4,2
1315,17345,346,70,525.82,4,2
1316,15835,439,47,918.33,4,2
1317,14475,428,36,799.82,4,2
1318,14513,355,11,438.49,4,2
1319,13277,176,5,258.4,4,2
1320,13500,585,60,1123.97,4,2
1321,17019,827,166,1269.85,4,6
1322,12393,816,47,1582.6,4,2
1323,17373,408,47,646.92,4,2
1324,12615,1376,82,2197.56,4,2
1325,14285,541,18,1869.35,4,2
1326,12728,419,38,773.11,4,2
1327,14715,521,60,857.91,4,2
1328,14805,115,30,554.65,4,2
1329,14997,1102,25,540.98,4,2
1330,16571,1176,73,1285.22,4,2
1331,13489,560,11,449.52,4,2
1332,15571,264,47,650.43,4,2
1333,15644,557,166,813,4,6
1334,17317,1074,8,2524.02,4,2
1335,14224,514,105,987.96,4,2
1336,12680,443,33,830.77,4,2
1337,14359,363,44,870.35,4,2
1338,16038,241,24,454.33,4,2
1339,14532,284,45,925.89,4,2
1340,18145,2625,174,2841.59,4,6
1341,15028,459,35,627.13,4,2
1342,18188,1167,63,1998.49,4,2
1343,13515,681,50,885.6,4,2
1344,15145,756,54,1172.53,4,2
1345,14126,458,14,633.66,4,2
1346,15716,744,101,1118.81,4,2
1347,14167,150,27,574.84,4,2
1348,15756,242,160,530.2,4,6
1349,12883,196,39,680.76,4,2
1350,13196,1224,97,1753.9,4,2
1351,14871,185,68,522.38,4,2
1352,15018,188,30,416.97,4,2
1353,13865,204,26,487.76,4,2
1354,12399,1178,47,1083.6,4,2
1355,15620,899,92,1491.14,4,2
1356,12507,894,19,1090.45,4,2
1357,15704,1028,79,2293.62,4,2
1358,12697,499,37,788.97,4,2
1359,13055,891,74,1199.2,4,2
1360,16224,1116,90,1287.58,4,2
1361,16669,883,141,1347.28,4,6
1362,15122,788,65,1609.62,4,2
1363,16714,608,77,906.52,4,2
1364,16833,440,46,1106.53,4,2
1365,15289,996,43,935.1,4,2
1366,13720,501,42,794.89,4,2
1367,17014,240,63,551.78,4,2
1368,15449,810,47,971.22,4,2
1369,15533,256,73,721.08,4,2
1370,12427,236,26,652.3,4,2
1371,15819,1357,96,1901.53,4,2
1372,14277,1624,195,3818.95,4,6
1373,12724,445,47,983.35,4,2
1374,12820,722,55,942.34,4,2
1375,16007,1393,221,1699.18,4,6
1376,17625,1198,223,2047,4,6
1377,16045,897,71,1325.26,4,2
1378,16308,8000,1,2560,4,2
1379,16473,195,18,314.86,4,2
1380,14937,483,33,1606.11,4,2
1381,16612,506,48,1187.66,4,2
1382,15113,2362,77,3439.41,4,2
1383,15197,453,30,650.92,4,2
1384,15237,1071,94,1405.36,4,2
1385,13662,538,50,845.72,4,2
1386,13838,263,144,683.7,4,6
1387,13928,129,23,449.13,4,2
1388,12754,6479,50,2990.76,4,2
1389,14446,933,233,1037.07,4,6
1390,12845,204,26,354.09,4,2
1391,14618,261,11,528.57,4,2
1392,13247,328,18,501.12,4,2
1393,16554,311,52,638.79,4,2
1394,16688,804,52,1260.86,4,2
1395,13558,344,123,599.54,4,6
1396,16768,191,47,442.32,4,2
1397,16900,723,79,856.87,4,2
1398,17034,406,28,729.56,4,2
1399,15467,306,41,496.92,4,2
1400,14001,959,35,2024.81,4,2
1401,15797,873,8,2202.39,4,2
1402,12836,1064,148,2475.27,4,6
1403,17646,320,46,989.06,4,2
1404,17724,289,38,990.13,4,2
1405,12970,310,116,443.96,4,6
1406,16188,782,65,971.38,4,2
1407,13147,144,1,712.8,4,2
1408,16325,164,14,510.54,4,2
1409,14820,253,24,507.29,4,2
1410,14867,327,32,695.81,4,2
1411,16539,477,36,1388.81,4,2
1412,15050,1184,68,1727.17,4,2
1413,13539,314,36,588,4,2
1414,15215,211,35,602.63,4,2
1415,15297,290,30,635.04,4,2
1416,15656,343,46,737.71,4,2
1417,14286,4306,220,4595.81,4,6
1418,15969,120,20,543.22,4,2
1419,17589,1631,172,2375.7,4,6
1420,17802,743,105,1251.84,4,2
1421,16261,306,98,735.91,4,2
1422,16356,92,20,210.32,4,2
1423,14897,468,43,1315.98,4,2
1424,13310,575,65,1082.67,4,2
1425,16572,530,40,970.98,4,2
1426,15157,2242,126,1794.84,4,6
1427,13846,383,56,840.95,4,2
1428,17006,272,37,776.77,4,2
1429,15489,593,47,1087.27,4,2
1430,17092,1131,99,1763.86,4,2
1431,12449,1553,118,3895.99,4,6
1432,14360,1151,104,2062.59,4,2
1433,16126,2125,57,6287.77,4,2
1434,16169,1325,71,1822.97,4,2
1435,14662,602,143,771.17,4,6
1436,17883,379,133,652.45,4,6
1437,13212,309,128,740.52,4,6
1438,14844,1833,87,3173.25,4,2
1439,16513,407,33,874.59,4,2
1440,16696,146,7,657.9,4,2
1441,13564,659,68,1166.31,4,2
1442,16906,281,74,561.53,4,2
1443,17041,947,59,1065.77,4,2
1444,12370,2353,143,3455.66,4,6
1445,13963,460,35,664.54,4,2
1446,15673,1514,107,2857.18,4,6
1447,14216,594,47,1787.16,4,2
1448,12669,1114,98,1520.67,4,2
1449,12710,849,75,1074.5,4,2
1450,14522,525,15,974.54,4,2
1451,12933,498,103,606.28,4,2
1452,17955,273,14,557.3,4,2
1453,16370,647,143,1253.24,4,6
1454,15098,60,2,599.4,4,2
1455,13692,1224,49,1434.99,4,2
1456,15421,500,40,950.36,4,2
1457,17115,368,33,798.62,4,2
1458,15549,688,104,1613.12,4,2
1459,15831,1097,64,707.75,4,2
1460,17812,350,113,691.32,4,6
1461,17897,223,100,476.22,4,2
1462,16361,421,87,875.21,4,2
1463,18079,7432,99,3651.97,4,6
1464,18167,359,25,1349.75,4,2
1465,16924,480,69,739.5,4,2
1466,13810,311,32,825.71,4,2
1467,13892,983,26,632.97,4,2
1468,12348,2341,22,1527.15,4,2
1469,13939,843,43,551.23,4,2
1470,17152,477,9,1503.5,4,2
1471,15608,714,59,1088.72,4,2
1472,12577,466,137,595.4,4,6
1473,17370,540,31,446.18,4,2
1474,17796,178,63,692.38,4,2
1475,17849,114,14,382.28,4,2
1476,14758,419,54,1386.96,4,2
1477,13171,227,37,370.21,4,2
1478,13220,196,18,780.65,4,2
1479,15073,277,31,612.43,4,2
1480,16657,1229,158,925.84,4,6
1481,15238,689,49,941.53,4,2
1482,15321,1163,83,2624.97,4,2
1483,15483,295,74,233.81,4,2
1484,15525,414,133,793.38,4,6
1485,14133,342,26,564.38,4,2
1486,17440,232,3,177.1,4,2
1487,17571,905,247,1465.32,4,6
1488,16122,1128,26,684.42,4,2
1489,17736,237,24,329.71,4,2
1490,13077,863,99,729.27,4,2
1491,14790,699,30,745.06,4,2
1492,16462,12,1,102,4,2
1493,15062,763,47,987.86,4,2
1494,13475,1012,64,1411.86,4,2
1495,16730,898,75,702.79,4,2
1496,17299,678,50,669.11,4,2
1497,14163,893,36,2342.31,4,2
1498,17515,243,49,605.24,4,2
1499,12879,363,7,552.57,4,2
1500,16112,574,15,195.74,4,2
1501,13064,516,51,1102,4,2
1502,16759,608,40,760.92,4,2
1503,15743,216,59,776.18,4,2
1504,17375,361,65,369.74,4,2
1505,15786,3331,257,4754.93,4,3
1506,15826,962,64,1628.28,4,2
1507,14287,236,10,151.23,4,2
1508,14504,308,85,667.74,4,2
1509,15329,476,52,983.42,4,2
1510,15530,950,90,1491.31,4,2
1511,15646,388,35,419.62,4,2
1512,17268,844,3,763.64,4,2
1513,17405,705,77,951.21,4,2
1514,15952,399,65,801.05,4,2
1515,17621,510,25,1339.94,4,2
1516,12854,622,97,1286.39,4,2
1517,12993,240,26,414.76,4,2
1518,14708,615,25,1096.67,4,2
1519,17884,854,107,717.45,4,2
1520,16303,2621,119,5236.23,4,6
1521,13167,785,51,785.81,4,2
1522,16469,273,148,641.71,4,6
1523,15031,401,74,649.94,4,2
1524,13517,1360,125,2100.79,4,6
1525,16816,274,28,417.06,4,2
1526,12413,282,29,666.18,4,2
1527,12560,1078,92,1998.31,4,2
1528,14173,150,28,437.22,4,2
1529,14305,1069,96,1798.75,4,2
1530,17521,518,38,721.96,4,2
1531,12885,654,66,1133.87,4,2
1532,16157,344,12,644.24,4,2
1533,14608,437,8,1785.15,4,2
1534,13155,497,67,959.08,4,2
1535,13285,2051,157,2685.48,4,6
1536,18136,373,34,761.83,4,2
1537,16639,503,48,1169.38,4,2
1538,13507,1597,146,2446.6,4,6
1539,16806,378,68,778.49,4,2
1540,15550,295,43,559.07,4,2
1541,15793,552,6,948.96,4,2
1542,17720,576,39,1123.34,4,2
1543,13186,804,69,1539.69,4,2
1544,16488,724,28,432.28,4,2
1545,16533,514,112,1010.88,4,6
1546,16755,1058,134,1484.63,4,6
1547,13722,1400,75,2360.88,4,2
1548,13811,67,7,559.71,4,2
1549,13940,516,39,839.14,4,2
1550,17101,815,28,1616.77,4,2
1551,12429,1557,82,3533.01,4,2
1552,12536,2652,260,4021.22,4,3
1553,15781,178,20,325.28,4,2
1554,14234,963,122,775.46,4,6
1555,17411,298,41,748.94,4,2
1556,12649,574,30,579.68,4,2
1557,15862,585,142,818.6,4,6
1558,17502,376,25,683.58,4,2
1559,16009,378,68,992.71,4,2
1560,14460,869,14,383.34,4,2
1561,16175,533,45,1016.63,4,2
1562,16475,319,23,469.29,4,2
1563,16520,557,129,1033.35,4,6
1564,18155,258,19,347.82,4,2
1565,15199,396,5,1268.7,4,2
1566,13802,2281,57,3900.51,4,2
1567,17088,868,96,1959.44,4,2
1568,14019,1034,37,1392.28,4,2
1569,15641,1562,102,1887.2,4,2
1570,15679,1170,98,781.28,4,2
1571,17572,95,7,226.75,4,2
1572,16205,517,73,761.38,4,2
1573,16245,1008,80,1344.08,4,2
1574,16295,841,70,1312.99,4,2
1575,16342,157,10,296.45,4,2
1576,13741,217,34,650.77,4,2
1577,13873,138,21,378.94,4,2
1578,12364,1506,70,1276.11,4,2
1579,15754,197,24,455.67,4,2
1580,17429,616,36,512.12,4,2
1581,15983,892,82,1472.97,4,2
1582,14554,1478,147,2353.64,4,6
1583,16233,165,22,419.25,4,2
1584,17905,407,33,787.52,4,2
1585,13149,1280,76,1670.54,4,2
1586,17950,342,63,459.57,4,2
1587,16496,1091,92,1548.42,4,2
1588,18173,1220,23,2106.84,4,2
1589,15344,106,21,443.46,4,2
1590,17159,1110,96,1520.93,4,2
1591,15587,312,3,913.68,4,2
1592,15701,923,193,1508.94,4,6
1593,16014,261,123,648.12,4,6
1594,15002,862,93,1636.24,4,2
1595,18204,1198,159,1976.79,4,6
1596,18242,1017,72,2203.57,4,2
1597,15206,162,3,420.3,4,2
1598,17095,613,70,1283.61,4,2
1599,15574,349,131,683.49,4,6
1600,15730,683,68,1105.62,4,2
1601,14229,590,29,1426,4,2
1602,17406,784,99,1626,4,2
1603,14273,264,22,559.97,4,2
1604,17579,256,46,437.44,4,2
1605,16005,300,173,615.39,4,6
1606,16092,602,37,773.84,4,2
1607,14535,1825,280,2830.05,4,3
1608,14577,353,86,859.71,4,2
1609,12994,440,52,893.94,4,2
1610,13301,345,75,618.09,4,2
1611,15032,2668,29,4464.1,4,2
1612,13611,762,67,1158.2,4,2
1613,16951,1306,73,1244.87,4,2
1614,13835,442,48,827.61,4,2
1615,17043,998,100,1717.06,4,2
1616,14044,308,165,605.14,4,6
1617,12480,1707,129,3086.09,4,6
1618,14352,538,44,1044.38,4,2
1619,14609,7026,2,601.56,4,2
1620,17779,394,73,642.17,4,2
1621,14740,729,85,1385.17,4,2
1622,13200,516,42,860.65,4,2
1623,16416,655,60,1002.11,4,2
1624,15022,543,96,875.08,4,2
1625,13471,1590,214,2512.14,4,6
1626,15100,58,1,579.42,4,2
1627,13555,2660,128,4116.94,4,6
1628,15181,542,13,680.28,4,2
1629,16898,386,151,438.23,4,6
1630,15394,910,54,2149.94,4,2
1631,15707,605,126,942.82,4,6
1632,15749,9014,6,21535.9,4,2
1633,14293,709,51,1046.56,4,2
1634,16062,800,50,1055.08,4,2
1635,17816,30,16,36.56,4,2
1636,13681,360,37,827.83,4,2
1637,13856,484,10,363.4,4,2
1638,13894,339,25,533.21,4,2
1639,15500,572,64,1067.6,4,2
1640,12456,1616,105,2667.3,4,6
1641,15782,863,34,2477.79,4,2
1642,17454,243,57,517.53,4,2
1643,15965,453,88,845.64,4,2
1644,17585,1671,176,1133.07,4,6
1645,13308,840,49,1366.84,4,2
1646,13447,577,55,1097.57,4,2
1647,15116,648,37,1347.95,4,2
1648,17002,678,41,1452.34,4,2
1649,17048,474,41,863.36,4,2
1650,15643,242,31,598.32,4,2
1651,15768,243,24,376.3,4,2
1652,14223,583,50,958.67,4,2
1653,14267,461,25,1226.13,4,2
1654,17573,302,24,362.9,4,2
1655,14449,757,201,902.08,4,6
1656,16164,432,27,792.57,4,2
1657,17787,910,94,1856.79,4,2
1658,16206,272,52,537.06,4,2
1659,17921,430,114,826.52,4,6
1660,18059,258,17,296.71,4,2
1661,13297,963,52,2089.85,4,2
1662,13429,1390,55,1004.04,4,2
1663,12409,5543,91,10806.13,4,6
1664,14038,963,64,1554.48,4,2
1665,17388,1068,13,1236.88,4,2
1666,12628,445,34,745.58,4,2
1667,15801,562,61,1041.78,4,2
1668,15839,670,56,1020.74,4,2
1669,17728,1464,154,2812.34,4,6
1670,14649,1018,148,1401.29,4,6
1671,16279,1052,104,1496.68,4,2
1672,16330,145,39,242.21,4,2
1673,17951,610,18,979.8,4,2
1674,14824,525,19,1127.71,4,2
1675,13240,298,59,655.17,4,2
1676,13282,289,30,1008.16,4,2
1677,14913,1743,76,1219.15,4,2
1678,18130,817,58,1036.32,4,2
1679,13592,84,15,229.44,4,2
1680,16842,692,45,1238.36,4,2
1681,15589,242,28,456.58,4,2
1682,17289,519,86,933.65,4,2
1683,12695,220,23,582.1,4,2
1684,14336,1759,77,1614.91,4,2
1685,15920,99,53,167.5,4,2
1686,16015,906,146,690.54,4,6
1687,14467,278,67,588.84,4,2
1688,14591,1297,138,1427.7,4,6
1689,16182,3791,17,6617.65,4,2
1690,13314,484,55,573.14,4,2
1691,16621,302,22,742.28,4,2
1692,15332,652,29,1661.06,4,2
1693,12452,183,21,368.55,3,2
1694,14323,340,32,563.22,3,2
1695,17580,88,43,215.72,3,2
1696,13085,108,17,272.38,3,2
1697,16253,3137,115,3665.62,3,6
1698,17886,481,93,877.66,3,2
1699,13344,971,115,2128.39,3,6
1700,18150,332,29,566.58,3,2
1701,13389,429,50,787.43,3,2
1702,15111,710,70,1562.46,3,2
1703,13659,879,93,1449.92,3,2
1704,16863,392,25,481.35,3,2
1705,16997,360,7,702,3,2
1706,15436,613,243,1121.57,3,6
1707,15806,602,24,784.58,3,2
1708,17483,191,18,414.04,3,2
1709,12888,68,4,307.17,3,2
1710,16079,864,18,1346.98,3,2
1711,17734,422,40,693.1,3,2
1712,16160,1153,20,1009.45,3,2
1713,14616,104,2,406.08,3,2
1714,13028,796,40,659.68,3,2
1715,16376,689,104,965.6,3,2
1716,16418,288,76,632.41,3,2
1717,14880,373,45,698.67,3,2
1718,16460,879,128,814.72,3,6
1719,13330,751,37,1139.97,3,2
1720,13373,1651,135,3286.77,3,6
1721,13425,1123,66,1613.68,3,2
1722,13473,260,21,407.62,3,2
1723,16642,478,32,674.31,3,2
1724,15101,239,8,310.03,3,2
1725,15224,150,13,310.48,3,2
1726,16940,2169,226,3042.92,3,6
1727,17033,750,24,1030.14,3,2
1728,13914,379,28,613.95,3,2
1729,17119,327,35,583.58,3,2
1730,17166,75,11,189.49,3,2
1731,14161,455,87,1099.63,3,2
1732,14246,804,57,1468.54,3,2
1733,14389,702,34,997.21,3,2
1734,16020,487,42,845.99,3,2
1735,17768,1186,77,2218.34,3,2
1736,14644,252,26,723.74,3,2
1737,17817,67,32,182.83,3,2
1738,17900,1,4,9.99,3,2
1739,16324,282,100,425.92,3,2
1740,14775,1174,57,1011.9,3,2
1741,18170,409,29,969.27,3,2
1742,16885,184,82,469.55,3,2
1743,13764,932,183,1516.24,3,6
1744,16969,816,42,645.4,3,2
1745,13946,443,11,561.57,3,2
1746,15582,453,39,682.91,3,2
1747,14332,481,22,866.31,3,2
1748,17588,676,19,1240.2,3,2
1749,17631,334,39,516.1,3,2
1750,17672,1672,105,3050.86,3,6
1751,16099,434,29,731.9,3,2
1752,13224,1512,101,2150.85,3,2
1753,16478,224,15,331,3,2
1754,13350,284,36,816.83,3,2
1755,18158,353,24,451.75,3,2
1756,13396,592,42,1302,3,2
1757,15156,597,51,933.81,3,2
1758,16747,577,34,826.96,3,2
1759,12379,406,39,825.24,3,2
1760,12422,370,39,705.25,3,2
1761,14021,192,22,615.34,3,2
1762,17266,161,60,310.64,3,2
1763,12527,234,18,340.7,3,2
1764,17361,157,26,477.72,3,2
1765,12642,552,39,958.24,3,2
1766,17444,2119,132,2390.81,3,6
1767,12719,361,34,568.53,3,2
1768,14450,241,32,483.25,3,2
1769,12990,200,8,409.5,3,2
1770,13124,2147,185,3779.57,3,6
1771,16298,198,22,568.18,3,2
1772,13211,874,45,1197.42,3,2
1773,13255,174,13,385.7,3,2
1774,16511,417,135,941.98,3,6
1775,13430,738,49,637.65,3,2
1776,18228,236,23,769.2,3,2
1777,13479,133,14,291,3,2
1778,13606,279,40,272.82,3,2
1779,16948,1614,15,435.02,3,2
1780,17080,164,8,285.5,3,2
1781,12410,209,26,555.52,3,2
1782,14006,641,22,956.23,3,2
1783,14081,593,126,893.51,3,6
1784,14256,410,51,930.1,3,2
1785,15840,394,26,345.66,3,2
1786,17472,462,142,710.29,3,6
1787,15985,836,29,1037.42,3,2
1788,14737,345,15,1164.55,3,2
1789,16369,1035,91,1541.11,3,2
1790,13242,130,12,270.4,3,2
1791,14915,105,12,253.31,3,2
1792,16498,42,15,86.12,3,2
1793,16593,116,24,323.35,3,2
1794,18259,714,27,2338.6,3,2
1795,15133,680,27,982.42,3,2
1796,13643,273,24,519.44,3,2
1797,16804,246,59,534.23,3,2
1798,16933,281,44,530.08,3,2
1799,13819,1109,26,1134.83,3,2
1800,15462,172,9,234.6,3,2
1801,13951,459,38,657.89,3,2
1802,12546,617,59,1047.53,3,2
1803,12585,1258,77,1851.49,3,2
1804,14205,99,35,218.78,3,2
1805,12620,1181,89,1323.39,3,2
1806,17420,265,28,571.93,3,2
1807,14338,329,30,537.66,3,2
1808,14385,159,13,202.11,3,2
1809,17550,86,42,247.32,3,2
1810,14592,415,132,565.5,3,6
1811,14681,76,6,496.44,3,2
1812,14768,34,4,139.5,3,2
1813,17980,682,23,811.45,3,2
1814,16484,194,25,371.88,3,2
1815,15045,106,11,612.54,3,2
1816,15376,619,100,1213.12,3,2
1817,13851,1705,77,2651.46,3,2
1818,15577,89,39,253.36,3,2
1819,15651,479,27,646.3,3,2
1820,17500,17,3,162.87,3,2
1821,15907,509,175,959.98,3,6
1822,16212,241,40,676.23,3,2
1823,16518,325,36,480.92,3,2
1824,16866,60,10,207.74,3,2
1825,17045,106,20,290.16,3,2
1826,17312,372,11,644.3,3,2
1827,15763,268,58,961.52,3,2
1828,15807,430,48,903.9,3,2
1829,12808,188,27,465.64,3,2
1830,16080,104,10,176.6,3,2
1831,12985,1413,73,1215.62,3,2
1832,13029,134,8,715.9,3,2
1833,17835,348,45,350.64,3,2
1834,14700,1342,80,2224.26,3,2
1835,17917,187,77,334.32,3,2
1836,14836,45,5,102.45,3,2
1837,18096,825,157,900.92,3,6
1838,14971,644,144,1100.13,3,6
1839,12406,1809,92,3265.87,3,2
1840,17169,519,51,816.88,3,2
1841,12590,4279,68,9348.37,3,2
1842,12625,1577,74,2475.3,3,2
1843,15980,1560,40,2398.86,3,2
1844,12878,536,38,841.64,3,2
1845,14514,589,65,1050.39,3,2
1846,16110,733,283,1331.96,3,3
1847,17864,810,70,597.5,3,2
1848,14731,256,38,377.51,3,2
1849,13236,411,34,707.82,3,2
1850,16449,359,40,673.17,3,2
1851,13414,1574,23,1390.5,3,2
1852,13461,1170,14,1445,3,2
1853,13637,409,79,804.98,3,2
1854,16838,184,24,397.9,3,2
1855,15384,593,35,635.76,3,2
1856,13814,862,37,1520.36,3,2
1857,15414,443,37,769.89,3,2
1858,15456,660,48,441.7,3,2
1859,17157,169,11,306.55,3,2
1860,14108,380,33,587.5,3,2
1861,17334,314,11,306.6,3,2
1862,12616,273,25,625.21,3,2
1863,15865,368,37,807.79,3,2
1864,17545,341,122,608.57,3,6
1865,16012,799,87,1378.97,3,2
1866,14463,179,6,509.25,3,2
1867,16139,330,25,635.41,3,2
1868,13003,103,4,149.05,3,2
1869,16217,76,14,259.39,3,2
1870,17892,109,27,241.34,3,2
1871,16398,745,75,1550.43,3,2
1872,14856,714,65,1236.42,3,2
1873,18024,148,21,236.78,3,2
1874,18202,581,55,1366.51,3,2
1875,18287,1586,59,1837.28,3,2
1876,14140,809,60,917.29,3,2
1877,17320,634,57,1200.62,3,2
1878,15901,384,102,356.92,3,2
1879,12759,902,81,1458.25,3,2
1880,15951,306,36,655.31,3,2
1881,16000,5110,9,11889.7,3,2
1882,16040,684,57,1296.58,3,2
1883,13035,627,23,886.63,3,2
1884,18062,396,23,715.56,3,2
1885,16560,498,53,793.1,3,2
1886,18189,564,65,1084.34,3,2
1887,15067,954,82,1685.16,3,2
1888,18273,80,1,204,3,2
1889,13516,985,43,1381.89,3,2
1890,15146,1459,90,1313.25,3,2
1891,15192,918,36,1044.32,3,2
1892,13705,363,25,556.85,3,2
1893,15315,838,35,551.54,3,2
1894,13791,828,7,1047.68,3,2
1895,15433,399,40,417.87,3,2
1896,12412,829,43,1192.83,3,2
1897,14009,361,42,685.93,3,2
1898,14127,321,39,709.71,3,2
1899,12559,281,21,520.19,3,2
1900,17351,113,22,587.15,3,2
1901,16239,218,18,361.86,3,2
1902,14828,2172,17,2139.76,3,2
1903,16499,122,20,313.58,3,2
1904,13420,88,8,132.07,3,2
1905,13506,321,26,452.82,3,2
1906,13952,1425,120,3188.09,3,6
1907,12465,475,46,713.85,3,2
1908,14157,273,45,400.43,3,2
1909,17341,489,147,781.36,3,6
1910,15747,480,52,971.53,3,2
1911,15791,730,66,1596.04,3,2
1912,17461,799,104,752.5,3,2
1913,14593,332,127,597.91,3,6
1914,13058,52,5,271.4,3,2
1915,16532,2016,2,6748.8,3,2
1916,13405,165,25,556.4,3,2
1917,13455,345,42,968.71,3,2
1918,15088,457,53,1059.74,3,2
1919,18248,501,39,723.1,3,2
1920,13496,329,28,604.13,3,2
1921,13533,204,61,270.79,3,2
1922,15164,360,79,835.33,3,2
1923,16882,424,39,705.12,3,2
1924,15334,274,67,351.67,3,2
1925,17015,1981,182,1842.56,3,6
1926,17058,592,51,1172.73,3,2
1927,15497,622,13,1244.34,3,2
1928,12498,159,21,379.67,3,2
1929,15780,220,26,469.76,3,2
1930,16008,323,29,478.78,3,2
1931,16048,143,9,246.45,3,2
1932,14499,501,146,815.32,3,6
1933,12950,1380,13,1843,3,2
1934,16134,357,34,603.69,3,2
1935,12999,342,25,428.28,3,2
1936,16174,651,19,991.43,3,2
1937,14669,775,158,1250.55,3,6
1938,14712,315,21,911.55,3,2
1939,16309,465,39,686.67,3,2
1940,18017,300,1,523,3,2
1941,16431,453,51,642.81,3,2
1942,18235,1578,100,1758.72,3,2
1943,13486,669,69,1119.65,3,2
1944,13521,736,313,1080.97,3,3
1945,13617,300,31,541.42,3,2
1946,13929,139,8,802.85,3,2
1947,12375,177,14,395.4,3,2
1948,15568,461,27,744.37,3,2
1949,17398,310,30,640.06,3,2
1950,14264,66,17,317.72,3,2
1951,12755,866,5,2210.76,3,2
1952,17615,140,13,329.6,3,2
1953,16034,242,18,437.7,3,2
1954,12891,950,2,331,3,2
1955,14567,410,33,1491.34,3,2
1956,12987,217,27,491.49,3,2
1957,16378,267,22,362.95,3,2
1958,13334,1774,207,3531.66,3,6
1959,18142,1273,9,1014.9,3,2
1960,13376,493,45,894.21,3,2
1961,18183,362,36,592.8,3,2
1962,13427,545,25,582.6,3,2
1963,15104,635,66,922.5,3,2
1964,16689,168,13,298.24,3,2
1965,16851,271,17,342.45,3,2
1966,16943,145,23,785.79,3,2
1967,13827,141,83,388.21,3,2
1968,15427,1013,233,1468.08,3,6
1969,17035,201,27,385.57,3,2
1970,15468,150,25,437.64,3,2
1971,17076,295,17,803.99,3,2
1972,15799,955,94,878.62,3,2
1973,15933,885,63,1107.46,3,2
1974,16023,358,90,712.09,3,2
1975,13016,527,39,759.29,3,2
1976,14690,163,42,358.61,3,2
1977,17990,414,27,630.84,3,2
1978,16495,337,78,661.57,3,2
1979,18127,188,41,325.44,3,2
1980,16589,368,31,459.24,3,2
1981,15051,1011,130,1391.61,3,6
1982,13502,264,17,292,3,2
1983,16889,925,112,1550.75,3,6
1984,16930,341,47,380.55,3,2
1985,17024,69,2,95.85,3,2
1986,17158,778,53,1264.21,3,2
1987,17190,160,19,249.74,3,2
1988,12504,51,6,89.97,3,2
1989,12541,680,46,886.11,3,2
1990,15700,328,85,657.07,3,2
1991,14152,699,47,611.09,3,2
1992,17590,828,162,1448.74,3,6
1993,12827,197,19,430.15,3,2
1994,14465,405,107,1050.9,3,2
1995,16102,942,41,1832.2,3,2
1996,16140,727,33,703.77,3,2
1997,17759,708,82,832.48,3,2
1998,16317,890,64,1325.09,3,2
1999,16357,246,31,650.16,3,2
2000,14857,455,58,1144.13,3,2
