,StockCode,TOTAL_REVENUE,BASKETS,DISTINCT_CUSTOMERS,AVERAGE_PRICE,pkm$cluster,,,Cluster,Items,Total Revenue,BASKETS,DISTINCT_CUSTOMERS,AVERAGE_PRICE,,
1,22423,129809.63,1993,888,58.924026,6,,,1,20,131540.6,1295,811,2189.054056,109.4527028,SEASONAL ITEMS
2,85123A,99846.98,2271,859,41.952513,6,,,2,297,1081826.63,37090,22507,8460.769598,28.48743972,"second category items (because cluster 4 is more influential than this , in terms of items)"
3,47566,96093.38,1687,709,55.641795,6,,,3,406,2991263.44,165230,86900,7176.757702,17.67674311,highest revenue => more popular => needs to be in inventory always => fast run away from inventory.
4,85099B,92356.03,2093,637,42.777226,6,,,4,109,2570646.11,94865,40645,3005.174258,27.57040604,second highest revenue => 3rd popular items.
5,23084,66756.59,1011,451,62.564752,6,,,5,1160,1832697.31,165513,89774,13091.88122,11.2861045,second popular (according to the baskets) => 3rd highest revenue.
6,22086,63791.94,1161,616,52.720612,6,,,6,7,607614.28,11673,4840,353.835072,50.54786743,SEASONAL ITEMS
7,84879,58959.73,1457,680,39.254148,6,,,,,,,,,,
8,79321,52363.99,668,206,76.667628,4,,,,,,,,,,
9,22197,50987.47,1393,408,34.544356,4,,,,,,,,,,
10,23298,42206.42,1148,574,35.79849,4,,,,,,,,,,
11,22386,41619.66,1219,373,33.269113,4,,,,,,,,,,
12,23203,40991.38,1233,506,32.353102,4,,,,,,,,,,
13,21137,40596.96,377,141,105.446649,1,,,,,,,,,,
14,22720,37015.56,1390,641,25.061313,4,,,,,,,,,,
15,22960,36116.09,1134,575,29.386566,4,,,,,,,,,,
16,23284,35621.11,733,379,47.749477,4,,,,,,,,,,
17,82484,35278.71,686,286,50.542564,4,,,,,,,,,,
18,20725,35187.31,1566,533,21.468768,4,,,,,,,,,,
19,22114,32692.49,648,326,49.534076,4,,,,,,,,,,
20,22178,32554.33,1038,404,30.367845,4,,,,,,,,,,
21,85099F,32354.04,828,318,37.974225,4,,,,,,,,,,
22,22910,31941.89,821,471,37.578694,4,,,,,,,,,,
23,22469,31899.85,1204,574,25.746449,4,,,,,,,,,,
24,22112,30765.43,859,384,34.606783,4,,,,,,,,,,
25,23245,30474.85,874,473,33.160881,4,,,,,,,,,,
26,22727,30423.62,1052,392,27.482945,4,,,,,,,,,,
27,21931,30167.79,1185,335,24.849909,4,,,,,,,,,,
28,POST,29963.84,1131,380,23.856561,4,,,,,,,,,,
29,22470,29949.91,929,488,31.100633,4,,,,,,,,,,
30,23199,29166.4,979,345,28.906244,4,,,,,,,,,,
31,22355,29164.36,884,250,31.978465,4,,,,,,,,,,
32,23355,28141.09,783,475,34.613887,4,,,,,,,,,,
33,22411,28012.48,1176,376,23.304892,4,,,,,,,,,,
34,22457,27995.36,1250,591,21.871375,4,,,,,,,,,,
35,22699,27944.92,1067,428,24.556169,4,,,,,,,,,,
36,85099C,27581.32,934,307,28.730542,4,,,,,,,,,,
37,22726,27036.81,983,324,26.351667,4,,,,,,,,,,
38,23201,26814.15,907,397,28.832419,4,,,,,,,,,,
39,20685,26728.5,698,330,37.805516,4,,,,,,,,,,
40,21915,26247.83,663,351,38.770798,4,,,,,,,,,,
41,84347,26142.23,450,194,55.036274,4,,,,,,,,,,
42,22666,25819.55,1118,474,21.880975,4,,,,,,,,,,
43,22629,25647.77,901,323,27.757327,4,,,,,,,,,,
44,84946,25516.67,906,418,26.973224,4,,,,,,,,,,
45,22961,25235.23,1163,539,21.349602,4,,,,,,,,,,
46,21181,25120.88,853,362,28.481723,4,,,,,,,,,,
47,48138,24914.92,617,315,39.736715,4,,,,,,,,,,
48,22722,24365.66,837,394,27.942271,4,,,,,,,,,,
49,22326,24317.67,733,282,31.829411,4,,,,,,,,,,
50,48187,23947.54,601,316,39.387401,4,,,,,,,,,,
51,22138,23822.22,935,586,24.458131,4,,,,,,,,,,
52,23173,23655.02,417,249,54.006895,4,,,,,,,,,,
53,21731,23651.68,850,267,27.061419,4,,,,,,,,,,
54,22189,23431.87,525,275,43.716175,4,,,,,,,,,,
55,23344,23328.79,717,392,31.568051,4,,,,,,,,,,
56,21175,23298.74,811,344,28.206707,4,,,,,,,,,,
57,22111,23249,772,428,29.134085,4,,,,,,,,,,
58,21621,23139.26,480,268,46.74598,4,,,,,,,,,,
59,21733,23075.79,742,386,29.852251,4,,,,,,,,,,
60,23243,22875.82,471,276,44.942672,4,,,,,,,,,,
61,21623,22839,222,141,100.171053,1,,,,,,,,,,
62,15056N,22831.52,541,185,41.436515,4,,,,,,,,,,
63,21929,22794.07,866,309,25.756011,4,,,,,,,,,,
64,20713,22599.53,669,208,33.040249,4,,,,,,,,,,
65,22090,22594.56,800,326,27.825813,4,,,,,,,,,,
66,82482,22531.71,1101,412,19.957228,4,,,,,,,,,,
67,22139,22521.49,968,490,22.680252,4,,,,,,,,,,
68,22697,22433.25,1016,391,20.675806,4,,,,,,,,,,
69,22383,22318.64,1286,436,16.556855,4,,,,,,,,,,
70,84997D,22279.26,547,250,40.070612,4,,,,,,,,,,
71,20727,22219.01,1274,459,16.458526,4,,,,,,,,,,
72,84029E,21866.55,433,229,48.377323,4,,,,,,,,,,
73,20712,21665.96,864,249,24.676492,4,,,,,,,,,,
74,20724,21606.48,1035,336,20.230787,4,,,,,,,,,,
75,20728,21423.13,1151,482,17.897352,4,,,,,,,,,,
76,23202,21410.35,881,378,23.89548,4,,,,,,,,,,
77,23209,21384.37,1100,470,18.840855,4,,,,,,,,,,
78,48194,21345.48,594,287,35.635192,4,,,,,,,,,,
79,22630,21156.49,851,289,24.014177,4,,,,,,,,,,
80,21212,21059.72,1321,637,15.205574,4,,,,,,,,,,
81,82494L,20941.44,977,393,20.858008,4,,,,,,,,,,
82,23206,20814.83,1037,402,19.201873,4,,,,,,,,,,
83,21166,20796.54,725,288,27.877399,4,,,,,,,,,,
84,21928,20670.02,807,265,25.115456,4,,,,,,,,,,
85,21523,20633.99,503,204,40.778636,3,,,,,,,,,,
86,22728,20548.4,784,293,25.368395,4,,,,,,,,,,
87,22659,20272.7,708,215,27.030267,4,,,,,,,,,,
88,21479,19958.52,501,255,38.455723,4,,,,,,,,,,
89,84997B,18955.69,438,203,42.406465,3,,,,,,,,,,
90,22969,18602.75,647,430,28.401145,4,,,,,,,,,,
91,22467,18552.97,685,264,25.38026,4,,,,,,,,,,
92,48185,18472.03,367,144,49.655995,2,,,,,,,,,,
93,20726,18188.48,1019,374,17.142771,4,,,,,,,,,,
94,20914,18089.35,881,361,19.305603,4,,,,,,,,,,
95,15036,18064.16,520,195,34.473588,3,,,,,,,,,,
96,22382,17850.01,1158,492,14.974841,4,,,,,,,,,,
97,22693,17837.45,306,168,58.102443,2,,,,,,,,,,
98,22865,17651.98,657,376,25.61971,4,,,,,,,,,,
99,82486,17620.4,606,237,27.661538,3,,,,,,,,,,
100,21485,17478.69,624,373,26.685023,4,,,,,,,,,,
101,85066,17451.87,520,292,31.444811,3,,,,,,,,,,
102,22328,17438.87,582,229,28.541522,3,,,,,,,,,,
103,71477,17214.94,321,161,48.356573,2,,,,,,,,,,
104,22384,17198.99,1091,446,15.12664,4,,,,,,,,,,
105,22698,17164.26,768,322,20.679831,4,,,,,,,,,,
106,22077,17149.27,956,414,17.392769,4,,,,,,,,,,
107,82583,16913.6,618,207,25.980952,3,,,,,,,,,,
108,22385,16866.72,689,248,24.026667,4,,,,,,,,,,
109,84997C,16840.16,399,203,41.580642,3,,,,,,,,,,
110,23240,16830.82,537,324,29.683986,4,,,,,,,,,,
111,22492,16810.42,381,214,43.103641,3,,,,,,,,,,
112,21754,16727.72,778,361,20.753995,4,,,,,,,,,,
113,20719,16672.35,836,239,19.431643,4,,,,,,,,,,
114,22993,16422.23,1074,432,14.781485,4,,,,,,,,,,
115,21843,16392.39,541,263,28.021179,3,,,,,,,,,,
116,84978,16270.94,729,305,21.213742,4,,,,,,,,,,
117,23301,16188.15,914,406,17.276574,4,,,,,,,,,,
118,22835,16143.56,658,318,23.775493,4,,,,,,,,,,
119,84029G,16106.04,461,213,33.978987,3,,,,,,,,,,
120,15056B,15954.47,384,143,41.119768,3,,,,,,,,,,
121,85152,15848.11,680,271,23.035044,4,,,,,,,,,,
122,21232,15820.55,832,315,17.500608,4,,,,,,,,,,
123,22624,15642.18,716,377,21.109555,4,,,,,,,,,,
124,22379,15514.34,749,189,20.413605,3,,,,,,,,,,
125,23313,15290.16,402,255,36.843759,3,,,,,,,,,,
126,22084,15002.02,446,279,32.827177,3,,,,,,,,,,
127,22900,14423.33,534,195,25.57328,3,,,,,,,,,,
128,22866,14201.52,554,331,24.070373,3,,,,,,,,,,
129,22501,14041.48,456,188,29.623376,3,,,,,,,,,,
130,22507,14028.06,460,231,30.232888,3,,,,,,,,,,
131,21930,14024.92,706,221,19.479056,3,,,,,,,,,,
132,48184,14018.18,412,228,33.697548,3,,,,,,,,,,
133,22083,13994.34,611,296,22.607981,3,,,,,,,,,,
134,22867,13967.39,557,334,24.248941,3,,,,,,,,,,
135,23200,13953.65,597,263,22.912397,3,,,,,,,,,,
136,82483,13892.76,547,244,23.039403,3,,,,,,,,,,
137,23077,13645.77,345,218,39.211983,3,,,,,,,,,,
138,84077,13587.93,536,308,25.069982,3,,,,,,,,,,
139,22551,13567.46,674,340,19.465509,4,,,,,,,,,,
140,23343,13473.27,482,287,26.892754,3,,,,,,,,,,
141,23356,13377.27,477,317,26.647948,3,,,,,,,,,,
142,22554,13296.92,705,353,18.239945,4,,,,,,,,,,
143,22558,13279.46,773,365,16.766995,4,,,,,,,,,,
144,23328,13254.85,406,196,31.710167,3,,,,,,,,,,
145,22625,13131.45,554,294,22.718772,3,,,,,,,,,,
146,21524,12931.98,481,252,26.445767,3,,,,,,,,,,
147,23108,12923.67,373,272,32.884656,3,,,,,,,,,,
148,22752,12888.48,381,189,33.132339,3,,,,,,,,,,
149,82600,12761.98,548,222,22.953201,3,,,,,,,,,,
150,22622,12733.23,268,175,46.813346,2,,,,,,,,,,
151,22941,12718.26,312,216,38.192973,3,,,,,,,,,,
152,23207,12700.6,741,378,16.282821,4,,,,,,,,,,
153,22113,12694.13,562,340,21.334672,3,,,,,,,,,,
154,22499,12595.03,408,218,30.570461,3,,,,,,,,,,
155,20723,12489.69,723,233,16.832466,3,,,,,,,,,,
156,20750,12487.94,386,236,31.938465,3,,,,,,,,,,
157,22188,12483.22,190,124,65.357173,2,,,,,,,,,,
158,20749,12457.26,384,240,31.617411,3,,,,,,,,,,
159,21790,12443.71,927,450,13.181896,4,,,,,,,,,,
160,21755,12376.29,630,338,18.866296,3,,,,,,,,,,
161,22171,12294.17,386,174,30.281207,3,,,,,,,,,,
162,22427,12267.56,511,312,23.190095,3,,,,,,,,,,
163,21977,12189.47,870,412,13.604319,4,,,,,,,,,,
164,22607,12153.18,359,225,33.20541,3,,,,,,,,,,
165,47590B,12042.67,404,239,29.3009,3,,,,,,,,,,
166,23174,12005.53,323,193,35.103889,3,,,,,,,,,,
167,22502,11911.26,470,176,24.610041,3,,,,,,,,,,
168,22158,11873.13,305,202,36.645463,3,,,,,,,,,,
169,48188,11844.78,288,165,40.703711,2,,,,,,,,,,
170,21430,11784.42,478,189,23.855101,3,,,,,,,,,,
171,22087,11669.43,331,156,33.726676,3,,,,,,,,,,
172,23300,11584.09,759,352,14.851397,4,,,,,,,,,,
173,21936,11513.99,532,224,21.087894,3,,,,,,,,,,
174,21108,11477.86,263,161,42.510593,2,,,,,,,,,,
175,22568,11411.32,473,246,23.288408,3,,,,,,,,,,
176,23581,11388.27,339,231,32.079634,3,,,,,,,,,,
177,22193,11363.56,461,208,24.075339,3,,,,,,,,,,
178,21080,11304.91,987,428,11.137842,4,,,,,,,,,,
179,22730,11284.65,571,243,18.997727,3,,,,,,,,,,
180,22041,11260.81,362,74,30.5171,2,,,,,,,,,,
181,21481,11225.27,491,256,21.881618,3,,,,,,,,,,
182,22356,11218.76,744,221,14.438559,3,,,,,,,,,,
183,22149,11215.58,552,338,19.607657,3,,,,,,,,,,
184,21216,11100.33,431,151,24.722339,3,,,,,,,,,,
185,22662,11062.53,683,313,15.669306,3,,,,,,,,,,
186,20971,11059.33,523,278,20.556375,3,,,,,,,,,,
187,22413,11051.69,413,229,26.188839,3,,,,,,,,,,
188,85014B,11027.14,374,212,29.172328,3,,,,,,,,,,
189,22776,10996.07,537,334,19.024343,3,,,,,,,,,,
190,20711,10974.31,526,153,20.551142,3,,,,,,,,,,
191,22692,10824.43,449,232,23.947854,3,,,,,,,,,,
192,22988,10805.53,423,199,24.391716,3,,,,,,,,,,
193,84997A,10762.67,326,144,32.813018,3,,,,,,,,,,
194,71459,10753.01,441,227,23.789845,3,,,,,,,,,,
195,22617,10550.9,467,301,21.79938,3,,,,,,,,,,
196,22734,10534.9,430,279,23.568009,3,,,,,,,,,,
197,21791,10490.65,609,343,17.002674,3,,,,,,,,,,
198,84755,10473.4,622,319,16.364688,3,,,,,,,,,,
199,21891,10466.68,428,266,23.156372,3,,,,,,,,,,
200,22570,10395.12,392,203,25.794342,3,,,,,,,,,,
201,23208,10388.16,669,306,15.011792,3,,,,,,,,,,
202,47590A,10359.96,391,229,26.294315,3,,,,,,,,,,
203,21914,10298.56,604,308,16.745626,3,,,,,,,,,,
204,84947,10258.98,348,179,27.652237,3,,,,,,,,,,
205,21217,10237.44,345,170,29.083636,3,,,,,,,,,,
206,22970,10191.15,318,181,31.070579,3,,,,,,,,,,
207,48173C,10074.83,197,107,49.875396,2,,,,,,,,,,
208,23170,10070.75,446,226,21.988537,3,,,,,,,,,,
209,23582,10010.77,260,187,37.214758,3,,,,,,,,,,
210,22633,10002.72,481,302,19.385116,3,,,,,,,,,,
211,22621,9992.2,610,367,15.98752,3,,,,,,,,,,
212,85048,9992.12,262,174,35.06007,2,,,,,,,,,,
213,22556,9961.21,572,307,16.854839,3,,,,,,,,,,
214,21218,9951.24,395,132,24.33066,3,,,,,,,,,,
215,23076,9930.76,278,203,35.467,3,,,,,,,,,,
216,22619,9906.29,448,251,21.772066,3,,,,,,,,,,
217,23171,9905.74,382,196,25.530258,3,,,,,,,,,,
218,22555,9828.63,516,295,18.405674,3,,,,,,,,,,
219,22690,9819.51,287,199,33.513686,3,,,,,,,,,,
220,20679,9776.38,327,143,29.625394,3,,,,,,,,,,
221,22791,9771.13,347,185,26.992072,3,,,,,,,,,,
222,21559,9712.88,576,234,16.242274,3,,,,,,,,,,
223,22766,9687.24,505,281,18.174934,3,,,,,,,,,,
224,22560,9601.26,390,230,24.555652,3,,,,,,,,,,
225,22144,9588.78,545,320,17.031581,3,,,,,,,,,,
226,21314,9541.43,542,217,16.310137,3,,,,,,,,,,
227,22569,9474.95,350,194,26.392618,3,,,,,,,,,,
228,21340,9467.3,291,180,31.452824,3,,,,,,,,,,
229,35970,9425.36,458,271,19.759665,3,,,,,,,,,,
230,21174,9413.82,541,226,17.116036,3,,,,,,,,,,
231,22952,9384.32,620,344,14.371087,3,,,,,,,,,,
232,84375,9376.85,519,291,17.592589,3,,,,,,,,,,
233,85150,9376.23,480,197,19.292654,3,,,,,,,,,,
234,23175,9374.65,332,207,27.172899,3,,,,,,,,,,
235,22169,9347.08,373,166,23.966872,3,,,,,,,,,,
236,22561,9344.82,434,289,20.812517,3,,,,,,,,,,
237,22978,9296.12,239,154,37.036335,2,,,,,,,,,,
238,22749,9264.91,449,276,19.754606,3,,,,,,,,,,
239,22456,9221.19,477,221,18.045382,3,,,,,,,,,,
240,22966,9205.9,673,389,13.284127,3,,,,,,,,,,
241,47566B,9199.52,471,194,19.125821,3,,,,,,,,,,
242,22992,9186.44,349,218,25.031172,3,,,,,,,,,,
243,22191,9184.3,416,242,20.826077,3,,,,,,,,,,
244,20972,9129.31,617,313,14.422291,3,,,,,,,,,,
245,84991,9088.02,829,416,10.434007,4,,,,,,,,,,
246,23319,9021.87,404,301,21.227929,3,,,,,,,,,,
247,22771,9012.94,442,170,19.678908,3,,,,,,,,,,
248,22759,9004.34,426,254,20.280045,3,,,,,,,,,,
249,22654,9001.89,329,160,26.092435,3,,,,,,,,,,
250,22729,8964.31,447,182,18.912046,3,,,,,,,,,,
251,23439,8941.61,397,269,21.039082,3,,,,,,,,,,
252,22632,8936.28,395,263,21.533205,3,,,,,,,,,,
253,22989,8934.27,373,242,23.327076,3,,,,,,,,,,
254,21889,8829.79,589,337,14.546606,3,,,,,,,,,,
255,82582,8823.09,439,178,19.782713,3,,,,,,,,,,
256,23318,8798.68,377,271,22.503018,3,,,,,,,,,,
257,21155,8790.8,486,207,17.373123,3,,,,,,,,,,
258,23322,8755.56,564,351,14.74,3,,,,,,,,,,
259,48116,8748.46,204,89,42.468252,2,,,,,,,,,,
260,84945,8657.94,348,210,23.274032,3,,,,,,,,,,
261,22847,8601.39,379,215,21.030293,3,,,,,,,,,,
262,22652,8595.57,469,264,17.944823,3,,,,,,,,,,
263,23080,8576.76,258,149,31.648561,2,,,,,,,,,,
264,22273,8503.69,332,213,24.720029,3,,,,,,,,,,
265,23493,8498.28,416,283,19.626513,3,,,,,,,,,,
266,23078,8493.34,258,160,32.792819,2,,,,,,,,,,
267,23082,8474.35,298,206,27.074601,3,,,,,,,,,,
268,84378,8450.9,686,377,12.072714,3,,,,,,,,,,
269,23321,8408.92,630,379,12.798965,3,,,,,,,,,,
270,21213,8392.04,664,296,12.37764,3,,,,,,,,,,
271,21484,8385.7,404,207,19.82435,3,,,,,,,,,,
272,22424,8369.69,455,190,17.694905,3,,,,,,,,,,
273,23256,8337.37,369,233,21.825576,3,,,,,,,,,,
274,22844,8313.44,417,177,19.378648,3,,,,,,,,,,
275,71053,8302.05,334,150,23.386056,3,,,,,,,,,,
276,21210,8200.54,455,245,17.711749,3,,,,,,,,,,
277,72741,8188.75,293,197,27.025578,3,,,,,,,,,,
278,84970S,8148.7,604,272,13.314869,3,,,,,,,,,,
279,22795,8125.35,370,171,21.609973,3,,,,,,,,,,
280,23534,8081.25,261,160,30.610795,2,,,,,,,,,,
281,84380,8062.71,689,326,11.404116,3,,,,,,,,,,
282,21035,7999.85,395,152,19.850744,3,,,,,,,,,,
283,22725,7978.88,429,175,17.613422,3,,,,,,,,,,
284,22616,7972.76,514,196,15.014614,3,,,,,,,,,,
285,21121,7913.85,380,239,20.188393,3,,,,,,,,,,
286,23535,7910.2,216,136,35.79276,2,,,,,,,,,,
287,21770,7909.08,389,264,20.176224,3,,,,,,,,,,
288,22909,7855.34,611,369,12.273969,3,,,,,,,,,,
289,22940,7854.5,322,242,23.169617,3,,,,,,,,,,
290,22667,7840.4,466,234,15.6808,3,,,,,,,,,,
291,22352,7832.92,483,186,15.728755,3,,,,,,,,,,
292,22192,7801.17,367,181,20.914665,3,,,,,,,,,,
293,21136,7784.64,372,260,20.325431,3,,,,,,,,,,
294,23238,7759.96,275,151,26.484505,3,,,,,,,,,,
295,22557,7732.54,567,317,13.128251,3,,,,,,,,,,
296,22605,7732.26,300,183,25.186515,3,,,,,,,,,,
297,21908,7701.82,469,221,16.112594,3,,,,,,,,,,
298,22804,7680.2,476,254,15.484274,3,,,,,,,,,,
299,23204,7603.6,584,200,12.800673,3,,,,,,,,,,
300,22768,7591.26,261,187,26.450383,3,,,,,,,,,,
301,22750,7540.58,414,248,17.618178,3,,,,,,,,,,
302,22147,7523.29,483,288,14.838836,3,,,,,,,,,,
303,22585,7505.39,396,242,17.869976,3,,,,,,,,,,
304,84406B,7494.82,288,135,25.320338,2,,,,,,,,,,
305,22173,7493.93,497,211,14.722849,3,,,,,,,,,,
306,22367,7450.08,553,301,13.001885,3,,,,,,,,,,
307,21231,7440.45,510,217,13.702486,3,,,,,,,,,,
308,21668,7424.99,438,171,16.211769,3,,,,,,,,,,
309,84836,7383.07,536,312,13.375127,3,,,,,,,,,,
310,22381,7381.49,470,135,15.314295,3,,,,,,,,,,
311,48111,7378.67,235,112,31.002815,2,,,,,,,,,,
312,21955,7340.82,206,109,34.956286,2,,,,,,,,,,
313,22741,7320.51,234,108,30.888228,2,,,,,,,,,,
314,84030E,7314.81,376,199,18.755923,3,,,,,,,,,,
315,23382,7292.43,221,137,32.555491,2,,,,,,,,,,
316,21169,7291.14,452,193,15.513064,3,,,,,,,,,,
317,84949,7230.09,291,167,21.975957,3,,,,,,,,,,
318,22487,7145.11,430,279,15.984586,3,,,,,,,,,,
319,22631,7143.02,398,169,17.379611,3,,,,,,,,,,
320,22627,7085.94,366,195,18.549581,3,,,,,,,,,,
321,21912,7062.7,398,202,17.612718,3,,,,,,,,,,
322,22968,7045.28,193,119,34.705813,2,,,,,,,,,,
323,23083,7040.48,247,163,27.827984,2,,,,,,,,,,
324,22553,7038.07,562,284,11.868583,3,,,,,,,,,,
325,22505,7035.56,312,188,21.849565,3,,,,,,,,,,
326,23320,7034.59,334,261,20.331185,3,,,,,,,,,,
327,22663,7031.83,451,172,15.488612,3,,,,,,,,,,
328,21669,7020.99,426,168,15.567605,3,,,,,,,,,,
329,23236,7010.84,328,204,19.693371,3,,,,,,,,,,
330,DOT,6990.35,710,2,9.845563,3,,,,,,,,,,
331,22637,6985.18,332,192,19.511676,3,,,,,,,,,,
332,23293,6975.43,553,324,12.302346,3,,,,,,,,,,
333,23543,6965.89,103,82,65.715943,2,,,,,,,,,,
334,21094,6933.26,527,180,13.032444,3,,,,,,,,,,
335,21165,6918.8,452,179,15.04087,3,,,,,,,,,,
336,22333,6911.94,318,170,20.694431,3,,,,,,,,,,
337,21259,6880.72,287,135,23.245676,3,,,,,,,,,,
338,21326,6876.82,341,169,19.371324,3,,,,,,,,,,
339,22294,6858.83,300,163,21.636688,3,,,,,,,,,,
340,23254,6849.16,300,205,21.743365,3,,,,,,,,,,
341,22834,6830.18,369,200,17.694767,3,,,,,,,,,,
342,23215,6829.84,211,163,31.473917,2,,,,,,,,,,
343,84970L,6820.35,508,235,13.373235,3,,,,,,,,,,
344,22109,6814.26,298,102,22.196287,2,,,,,,,,,,
345,23103,6813.16,366,232,17.650674,3,,,,,,,,,,
346,23283,6789.33,235,147,28.768347,2,,,,,,,,,,
347,22620,6776.56,485,261,13.60755,3,,,,,,,,,,
348,85014A,6755.08,293,185,22.976463,3,,,,,,,,,,
349,23297,6749.33,162,124,40.41515,2,,,,,,,,,,
350,21787,6743.65,244,116,26.760516,2,,,,,,,,,,
351,21672,6738.35,410,160,15.817723,3,,,,,,,,,,
352,47591D,6728.59,497,253,13.403566,3,,,,,,,,,,
353,22950,6719.35,186,157,35.365,2,,,,,,,,,,
354,22767,6714.37,219,155,28.571787,2,,,,,,,,,,
355,21922,6704.88,209,114,31.776682,2,,,,,,,,,,
356,22170,6699.15,266,143,24.811667,2,,,,,,,,,,
357,23229,6698.82,257,188,25.665977,3,,,,,,,,,,
358,22840,6662.52,272,195,23.053702,3,,,,,,,,,,
359,23480,6658.54,216,144,29.858924,2,,,,,,,,,,
360,84988,6653.85,512,210,12.920097,3,,,,,,,,,,
361,22634,6648.93,223,157,26.59572,2,,,,,,,,,,
362,23109,6639.33,269,179,23.882482,3,,,,,,,,,,
363,82001S,6634.8,155,50,41.728302,2,,,,,,,,,,
364,75049L,6623.78,206,72,28.674372,2,,,,,,,,,,
365,21888,6610.79,383,212,16.994319,3,,,,,,,,,,
366,23247,6597.39,310,232,20.616844,3,,,,,,,,,,
367,20718,6570.05,576,238,11.211689,3,,,,,,,,,,
368,23541,6567.76,154,98,42.647792,2,,,,,,,,,,
369,22943,6555.63,213,134,29.136133,2,,,,,,,,,,
370,22668,6553.42,346,163,18.670712,3,,,,,,,,,,
371,21533,6552.6,340,214,18.151247,3,,,,,,,,,,
372,22179,6549.54,290,100,21.904816,2,,,,,,,,,,
373,22947,6537.84,139,82,46.041127,2,,,,,,,,,,
374,22580,6508.78,248,131,25.726403,2,,,,,,,,,,
375,84992,6493.19,616,326,9.989523,3,,,,,,,,,,
376,22508,6462.13,297,180,21.257007,3,,,,,,,,,,
377,23311,6449.95,345,247,18.375926,3,,,,,,,,,,
378,22141,6440.69,458,257,13.616681,3,,,,,,,,,,
379,23571,6436.61,257,196,24.017201,3,,,,,,,,,,
380,21122,6434.79,345,216,17.974274,3,,,,,,,,,,
381,23188,6427.97,334,208,18.795234,3,,,,,,,,,,
382,23134,6424.47,40,30,160.61175,1,,,,,,,,,,
383,22991,6422.89,275,186,22.379408,3,,,,,,,,,,
384,20676,6413.56,449,187,13.972898,3,,,,,,,,,,
385,22846,6378.62,279,159,21.549392,3,,,,,,,,,,
386,22895,6332.25,285,164,21.685788,3,,,,,,,,,,
387,23307,6331.19,630,367,9.607269,3,,,,,,,,,,
388,21380,6313.41,291,139,21.474184,3,,,,,,,,,,
389,21935,6296.96,531,122,11.836391,3,,,,,,,,,,
390,23169,6291.99,317,204,17.824334,3,,,,,,,,,,
391,22979,6284.42,382,226,15.909924,3,,,,,,,,,,
392,20969,6256.86,306,158,20.118521,3,,,,,,,,,,
393,23172,6206.61,306,161,19.703524,3,,,,,,,,,,
394,22303,6182.4,262,157,22.646154,3,,,,,,,,,,
395,22784,6148.22,302,195,18.19,3,,,,,,,,,,
396,23192,6137.34,346,225,17.095655,3,,,,,,,,,,
397,21154,6094.76,452,176,13.163629,3,,,,,,,,,,
398,21975,6081.85,602,290,9.488066,3,,,,,,,,,,
399,21670,6045.04,377,160,15.500103,3,,,,,,,,,,
401,21156,6017,359,204,16.306233,3,,,,,,,,,,
402,22174,6013.43,321,105,18.167462,5,,,,,,,,,,
403,22151,6010.33,333,176,17.421246,3,,,,,,,,,,
404,17003,6006.42,240,137,24.516,2,,,,,,,,,,
405,23312,5964.15,215,169,27.109773,2,,,,,,,,,,
406,23296,5954.3,379,244,15.306684,3,,,,,,,,,,
407,21871,5940.27,358,136,15.883075,3,,,,,,,,,,
408,21535,5930.81,345,206,16.029216,3,,,,,,,,,,
409,21673,5927.8,368,156,15.356995,3,,,,,,,,,,
410,22584,5916.36,197,128,29.434627,2,,,,,,,,,,
411,22150,5903.94,469,289,12.223478,3,,,,,,,,,,
412,21671,5863.73,370,167,15.112706,3,,,,,,,,,,
413,22971,5811.64,273,166,20.830251,3,,,,,,,,,,
414,21877,5808.01,350,176,15.697324,3,,,,,,,,,,
415,22751,5805.22,291,185,19.678712,3,,,,,,,,,,
416,22740,5793.62,173,90,33.489133,2,,,,,,,,,,
417,23154,5780.48,236,142,22.938413,2,,,,,,,,,,
418,62018,5716.85,61,40,93.718852,1,,,,,,,,,,
419,48129,5699.83,206,127,27.142048,2,,,,,,,,,,
420,22779,5696.35,150,89,35.602188,2,,,,,,,,,,
421,23118,5693.56,262,155,20.480432,3,,,,,,,,,,
422,23553,5684.31,68,51,82.381304,1,,,,,,,,,,
423,22646,5653.87,393,186,13.925788,3,,,,,,,,,,
424,21242,5645.63,305,151,18.153151,3,,,,,,,,,,
425,21257,5639.19,264,101,20.885889,2,,,,,,,,,,
426,22907,5637.7,671,358,7.951622,3,,,,,,,,,,
427,22595,5627.58,469,276,11.77318,3,,,,,,,,,,
428,22838,5603.99,171,120,30.456467,2,,,,,,,,,,
429,23205,5587.83,468,202,11.641313,3,,,,,,,,,,
430,22635,5585.14,195,144,27.378137,2,,,,,,,,,,
431,22466,5571.89,210,115,25.915767,2,,,,,,,,,,
432,21558,5557.87,413,168,13.016089,3,,,,,,,,,,
433,22207,5555.59,209,69,26.082582,2,,,,,,,,,,
434,23526,5550.32,144,80,38.01589,2,,,,,,,,,,
435,22488,5517.58,416,212,12.921733,3,,,,,,,,,,
436,22088,5511.85,241,116,22.497347,2,,,,,,,,,,
437,22837,5504.93,185,109,28.23041,2,,,,,,,,,,
438,23583,5497.33,326,234,16.216313,3,,,,,,,,,,
439,23531,5497.01,112,78,48.219386,2,,,,,,,,,,
440,23052,5489.57,279,148,19.675878,3,,,,,,,,,,
441,23177,5483.04,268,175,19.723165,3,,,,,,,,,,
442,22904,5473.16,272,163,19.617061,3,,,,,,,,,,
443,22366,5470.93,224,105,24.207655,2,,,,,,,,,,
444,22297,5468.66,378,158,14.058252,3,,,,,,,,,,
445,23126,5456.79,292,199,17.949967,3,,,,,,,,,,
446,22964,5451.69,379,219,13.942941,3,,,,,,,,,,
447,22365,5447.06,183,84,29.603587,2,,,,,,,,,,
448,22418,5439.25,319,180,16.633792,3,,,,,,,,,,
449,22798,5431.5,268,127,19.057895,5,,,,,,,,,,
450,22429,5409.43,377,228,13.422903,3,,,,,,,,,,
451,23135,5408.77,48,32,112.682708,1,,,,,,,,,,
452,23158,5393.19,256,97,20.743038,2,,,,,,,,,,
453,23133,5364.43,156,95,34.387372,2,,,,,,,,,,
454,22349,5340.27,132,87,39.557556,2,,,,,,,,,,
455,22464,5332.52,353,194,14.373369,3,,,,,,,,,,
456,21172,5327.03,471,237,11.00626,3,,,,,,,,,,
457,22296,5272.47,319,190,15.833243,3,,,,,,,,,,
458,22998,5240.56,535,219,9.408546,3,,,,,,,,,,
459,22772,5207.95,255,86,19.727083,2,,,,,,,,,,
460,22485,5194.8,209,143,24.503774,2,,,,,,,,,,
461,22898,5174.32,365,202,13.909462,3,,,,,,,,,,
462,23132,5161.52,153,116,32.667848,2,,,,,,,,,,
463,22796,5152.38,234,147,19.970465,3,,,,,,,,,,
464,21164,5144.18,283,167,17.923972,3,,,,,,,,,,
465,23162,5143.69,176,97,29.225511,2,,,,,,,,,,
466,22665,5132.93,363,164,13.798199,3,,,,,,,,,,
467,23263,5125.94,446,270,10.418577,3,,,,,,,,,,
468,22623,5118.89,237,167,21.065391,3,,,,,,,,,,
469,21844,5112.04,157,101,30.248757,2,,,,,,,,,,
470,22302,5106.24,213,135,23.53106,2,,,,,,,,,,
471,22845,5076.11,317,156,15.523272,3,,,,,,,,,,
472,23295,5067.64,445,251,11.016609,3,,,,,,,,,,
473,21098,5051.85,253,116,18.370364,5,,,,,,,,,,
474,23234,5042.21,279,202,17.630105,3,,,,,,,,,,
475,22371,5035.79,396,146,12.193196,3,,,,,,,,,,
476,21428,5031.63,263,118,18.704944,5,,,,,,,,,,
477,21756,5023.98,271,169,17.628,3,,,,,,,,,,
478,21907,5004.08,369,209,13.415764,3,,,,,,,,,,
479,22271,4998.5,303,182,16.072347,3,,,,,,,,,,
480,23310,4997.28,245,147,20.314146,3,,,,,,,,,,
481,23165,4993.16,281,168,16.424868,3,,,,,,,,,,
482,23198,4975.6,476,260,9.891849,3,,,,,,,,,,
483,22301,4972.43,256,124,18.416407,5,,,,,,,,,,
484,22957,4951.6,215,180,22.204484,3,,,,,,,,,,
485,21932,4946.63,447,219,10.824136,3,,,,,,,,,,
486,23570,4944.37,276,204,16.874983,3,,,,,,,,,,
487,22120,4943.55,189,122,25.614249,2,,,,,,,,,,
488,22780,4938.09,133,83,34.775282,2,,,,,,,,,,
489,84212,4934.87,111,73,44.458288,2,,,,,,,,,,
490,22142,4934.59,380,260,12.556209,3,,,,,,,,,,
491,21933,4929.58,411,199,11.599012,3,,,,,,,,,,
492,23007,4925.07,185,111,26.197181,2,,,,,,,,,,
493,22110,4908.33,280,117,16.925276,5,,,,,,,,,,
494,22748,4861.93,437,234,10.780333,3,,,,,,,,,,
495,21086,4861.9,428,168,11.074943,3,,,,,,,,,,
496,23503,4861.8,336,285,14.010951,3,,,,,,,,,,
497,21937,4854.6,255,147,18.529008,3,,,,,,,,,,
498,21033,4852.02,307,76,15.753312,5,,,,,,,,,,
499,21390,4848.13,213,121,21.838423,2,,,,,,,,,,
500,21124,4806.8,241,182,19.304418,3,,,,,,,,,,
501,22549,4799.83,356,196,13.222672,3,,,,,,,,,,
502,23351,4775.77,355,243,13.120247,3,,,,,,,,,,
503,21876,4775.61,334,142,13.842348,3,,,,,,,,,,
504,23389,4772.24,238,160,19.478531,3,,,,,,,,,,
505,20677,4743.59,334,134,13.951735,3,,,,,,,,,,
506,84050,4739.08,259,141,17.749363,5,,,,,,,,,,
507,22243,4735.14,132,72,34.563066,2,,,,,,,,,,
508,23569,4731.21,193,153,23.306453,2,,,,,,,,,,
509,23157,4726.1,166,112,27.161494,2,,,,,,,,,,
510,23159,4719.76,225,122,20.169915,2,,,,,,,,,,
511,21258,4711.37,168,64,25.466865,2,,,,,,,,,,
512,23286,4705.97,223,127,20.915422,2,,,,,,,,,,
513,22645,4697.28,353,162,12.940165,3,,,,,,,,,,
514,23241,4694.51,364,184,12.38657,3,,,,,,,,,,
515,22636,4689.48,199,142,22.016338,2,,,,,,,,,,
516,23494,4688.96,206,146,21.410776,2,,,,,,,,,,
517,22082,4683.33,410,251,10.916853,3,,,,,,,,,,
518,82552,4680.63,364,185,12.616253,3,,,,,,,,,,
519,37449,4658.06,155,110,25.878111,2,,,,,,,,,,
520,22745,4651.29,424,217,10.668096,3,,,,,,,,,,
521,21539,4649.44,242,125,17.813946,5,,,,,,,,,,
522,85049A,4645.2,360,205,12.622826,3,,,,,,,,,,
523,22721,4641.68,297,184,15.472267,3,,,,,,,,,,
524,22813,4640.78,218,117,21.287982,2,,,,,,,,,,
525,47599A,4636.9,166,103,27.600595,2,,,,,,,,,,
526,22295,4623.87,251,157,17.715977,3,,,,,,,,,,
527,23184,4620.95,265,130,17.11463,5,,,,,,,,,,
528,15056P,4613.07,171,90,26.210625,2,,,,,,,,,,
529,23176,4596.33,227,160,19.231506,3,,,,,,,,,,
530,22775,4586.87,239,81,17.847743,5,,,,,,,,,,
531,23285,4570.71,192,109,23.682435,2,,,,,,,,,,
532,23397,4559.39,219,140,20.445695,2,,,,,,,,,,
533,21833,4543.73,170,88,26.417035,2,,,,,,,,,,
534,22417,4541.24,521,271,8.488299,3,,,,,,,,,,
535,82551,4537.69,353,157,12.710616,3,,,,,,,,,,
536,20979,4529.98,326,166,13.130377,3,,,,,,,,,,
537,22628,4521.01,191,86,22.270985,2,,,,,,,,,,
538,23168,4494.31,338,141,12.449612,3,,,,,,,,,,
539,23309,4478.8,408,179,10.296092,3,,,,,,,,,,
540,21934,4463.78,412,86,10.808184,5,,,,,,,,,,
541,23275,4462.56,326,172,12.934957,3,,,,,,,,,,
542,22089,4460.38,273,143,16.160797,3,,,,,,,,,,
543,22783,4460.13,34,30,131.180294,1,,,,,,,,,,
544,23530,4453.17,87,61,50.604205,2,,,,,,,,,,
545,84987,4452.32,335,204,13.133687,3,,,,,,,,,,
546,23288,4429.06,187,108,23.188796,2,,,,,,,,,,
547,22781,4417.29,233,122,17.956463,5,,,,,,,,,,
548,23163,4400.82,210,96,20.856967,2,,,,,,,,,,
549,23404,4384.61,171,105,23.829402,2,,,,,,,,,,
550,23556,4375.62,54,47,76.765263,1,,,,,,,,,,
551,22938,4371.63,187,161,22.768906,2,,,,,,,,,,
552,22689,4371.57,150,96,28.760329,2,,,,,,,,,,
553,22946,4361.65,139,67,29.671088,2,,,,,,,,,,
554,16014,4335.76,54,34,80.291852,1,,,,,,,,,,
555,22839,4325.27,202,109,20.211542,2,,,,,,,,,,
556,23349,4325.1,338,215,12.357429,3,,,,,,,,,,
557,22899,4318.03,315,192,13.493844,3,,,,,,,,,,
558,84692,4316.46,588,210,7.158308,3,,,,,,,,,,
559,20975,4309.82,367,232,11.40164,3,,,,,,,,,,
560,21892,4305.91,413,236,10.155448,3,,,,,,,,,,
561,21498,4301.42,337,239,12.688555,3,,,,,,,,,,
562,22327,4292.45,290,107,14.027614,5,,,,,,,,,,
563,23008,4275.72,134,100,30.760576,2,,,,,,,,,,
564,22723,4274.67,296,171,14.015311,3,,,,,,,,,,
565,22626,4236.23,204,135,20.172524,2,,,,,,,,,,
566,23554,4235.76,57,50,71.792542,1,,,,,,,,,,
567,23555,4235.76,50,46,78.44,1,,,,,,,,,,
568,20970,4224.63,263,142,15.882068,5,,,,,,,,,,
569,23166,4221.28,248,139,16.235692,5,,,,,,,,,,
570,22661,4221.16,416,173,9.932141,3,,,,,,,,,,
571,23237,4209.19,178,132,22.389309,2,,,,,,,,,,
572,23089,4192.08,226,102,17.763051,5,,,,,,,,,,
573,23012,4177.36,247,152,16.317813,5,,,,,,,,,,
574,23558,4175.82,52,44,75.924,1,,,,,,,,,,
575,22550,4164.89,221,137,18.760766,5,,,,,,,,,,
576,20974,4164.08,356,196,11.25427,3,,,,,,,,,,
577,23144,4161.31,275,181,14.968741,3,,,,,,,,,,
578,84509A,4159.37,299,104,13.818505,5,,,,,,,,,,
579,22694,4150.92,406,230,9.90673,3,,,,,,,,,,
580,22801,4144.25,221,125,17.486287,5,,,,,,,,,,
581,85049E,4133.07,452,249,8.888323,3,,,,,,,,,,
582,20682,4125.83,241,141,16.636411,5,,,,,,,,,,
583,21874,4122.22,296,113,13.559934,5,,,,,,,,,,
584,23306,4113.23,282,183,14.432386,3,,,,,,,,,,
585,23050,4112.3,206,117,19.962621,2,,,,,,,,,,
586,22596,4112.2,263,198,15.008029,3,,,,,,,,,,
587,23167,4110.82,232,130,16.642996,5,,,,,,,,,,
588,22489,4072.13,444,233,9.049178,3,,,,,,,,,,
589,23255,4064.02,159,117,25.086543,2,,,,,,,,,,
590,21906,4055.92,174,72,22.532889,2,,,,,,,,,,
591,23340,4053.88,151,113,26.495948,2,,,,,,,,,,
592,23193,4052.28,176,110,21.669947,2,,,,,,,,,,
593,21116,4051.79,259,82,15.583808,5,,,,,,,,,,
594,23314,4035.96,118,88,33.355041,2,,,,,,,,,,
595,21704,4035.42,249,138,16.013571,5,,,,,,,,,,
596,22896,4017.86,289,145,13.619864,5,,,,,,,,,,
597,22219,4015.88,546,191,7.158431,3,,,,,,,,,,
598,72351B,4005.75,187,89,20.863281,2,,,,,,,,,,
599,23194,4003.12,215,143,17.480873,5,,,,,,,,,,
600,23129,3995.35,173,139,23.094509,2,,,,,,,,,,
601,22577,3992.89,540,345,7.155717,3,,,,,,,,,,
602,22431,3987.01,337,160,11.623936,3,,,,,,,,,,
603,20675,3969.37,323,151,12.138746,3,,,,,,,,,,
604,22274,3953.48,268,169,14.324203,3,,,,,,,,,,
605,23130,3951.63,185,140,21.245323,2,,,,,,,,,,
606,22131,3950.24,292,116,13.037096,5,,,,,,,,,,
607,22951,3944.55,438,238,8.612555,3,,,,,,,,,,
608,23112,3936.77,242,135,15.08341,5,,,,,,,,,,
609,22841,3918.35,215,158,17.492634,5,,,,,,,,,,
610,22649,3912.96,204,88,17.01287,5,,,,,,,,,,
611,72760B,3902.26,154,106,25.014487,2,,,,,,,,,,
612,21041,3900.78,256,101,14.664586,5,,,,,,,,,,
613,22148,3899.9,187,149,20.102577,2,,,,,,,,,,
614,22117,3896.45,96,59,40.588021,2,,,,,,,,,,
615,22061,3895.36,147,88,24.045432,2,,,,,,,,,,
616,21716,3893.32,245,113,15.762429,5,,,,,,,,,,
617,23552,3883.99,116,94,31.3225,2,,,,,,,,,,
618,22222,3879.84,222,105,17.476757,5,,,,,,,,,,
619,84792,3864.28,242,127,15.581774,5,,,,,,,,,,
620,21749,3860.29,141,81,26.995035,2,,,,,,,,,,
621,23081,3831,140,81,26.79021,2,,,,,,,,,,
622,22350,3819.57,124,64,30.55656,2,,,,,,,,,,
623,23131,3815.23,119,92,31.272377,2,,,,,,,,,,
624,21243,3813.64,211,104,17.988868,5,,,,,,,,,,
625,23032,3800.88,201,118,17.355616,5,,,,,,,,,,
626,84078A,3796.2,156,80,23.289571,2,,,,,,,,,,
627,22980,3790.91,292,199,12.511254,3,,,,,,,,,,
628,23110,3771.57,256,159,13.233579,5,,,,,,,,,,
629,22578,3765.19,514,335,7.024608,3,,,,,,,,,,
630,22942,3764.39,153,117,22.677048,2,,,,,,,,,,
631,21244,3763.97,199,109,18.633515,5,,,,,,,,,,
632,23299,3754.13,147,111,25.027533,2,,,,,,,,,,
633,23049,3752.57,187,104,19.960479,2,,,,,,,,,,
634,21746,3748.18,227,123,16.225887,5,,,,,,,,,,
635,22809,3738.8,205,143,17.553052,5,,,,,,,,,,
636,21110,3726.95,136,63,27.006884,2,,,,,,,,,,
637,22195,3723.96,374,149,9.748586,3,,,,,,,,,,
638,22956,3709.38,199,146,17.74823,5,,,,,,,,,,
639,23182,3706.47,434,141,8.200155,3,,,,,,,,,,
640,22854,3682.12,163,124,22.048623,2,,,,,,,,,,
641,21890,3671.06,233,144,15.045328,5,,,,,,,,,,
642,23127,3665.76,195,147,18.3288,5,,,,,,,,,,
643,22738,3665.57,276,148,12.952544,5,,,,,,,,,,
644,22212,3663.14,400,147,8.763493,3,,,,,,,,,,
645,21531,3655.92,248,144,13.848182,5,,,,,,,,,,
646,23013,3654.41,224,136,16.028114,5,,,,,,,,,,
647,23191,3651.99,282,183,12.379627,3,,,,,,,,,,
648,23092,3649.43,136,97,25.168483,2,,,,,,,,,,
649,22378,3646.97,294,70,12.320845,5,,,,,,,,,,
650,22842,3645.7,164,121,20.597175,2,,,,,,,,,,
651,23497,3642.97,196,151,17.945665,5,,,,,,,,,,
652,23091,3631.92,212,161,16.286637,5,,,,,,,,,,
653,23294,3620.26,355,215,9.811003,3,,,,,,,,,,
654,23542,3612.02,90,56,39.261087,2,,,,,,,,,,
655,85053,3609.13,318,159,10.491657,3,,,,,,,,,,
656,22053,3605.17,29,24,124.316207,1,,,,,,,,,,
657,21658,3597.05,215,84,14.863843,5,,,,,,,,,,
658,22493,3593.49,221,126,15.760921,5,,,,,,,,,,
659,21260,3582.48,167,105,21.073412,2,,,,,,,,,,
660,85132C,3577.44,216,97,16.261091,5,,,,,,,,,,
661,21494,3576.33,314,80,11.106615,5,,,,,,,,,,
662,22348,3574.79,359,145,9.820852,3,,,,,,,,,,
663,22908,3571.28,376,213,9.180668,3,,,,,,,,,,
664,22812,3569.3,191,99,17.936181,5,,,,,,,,,,
665,22739,3568.52,319,169,10.912905,3,,,,,,,,,,
666,23332,3567.46,288,208,11.812781,3,,,,,,,,,,
667,20717,3536.98,413,151,8.421381,3,,,,,,,,,,
668,21992,3529.12,437,161,7.773392,3,,,,,,,,,,
669,22800,3526.99,204,110,16.79519,5,,,,,,,,,,
670,21715,3507.17,231,117,15.117112,5,,,,,,,,,,
671,23189,3504.62,142,90,24.507832,2,,,,,,,,,,
672,23353,3497.6,328,228,10.378635,3,,,,,,,,,,
673,23557,3496.5,32,26,109.265625,1,,,,,,,,,,
674,21703,3492.35,295,176,11.487993,3,,,,,,,,,,
675,22926,3491.9,197,141,16.950971,5,,,,,,,,,,
676,22688,3484.45,35,27,99.555714,1,,,,,,,,,,
677,22468,3476.74,154,84,22.430581,2,,,,,,,,,,
678,21745,3471.98,215,116,15.85379,5,,,,,,,,,,
679,22890,3466.64,166,98,18.943388,5,,,,,,,,,,
680,23232,3457.5,239,188,14.054878,3,,,,,,,,,,
681,21974,3457.15,362,178,9.420027,3,,,,,,,,,,
682,22065,3448.81,243,133,13.014377,5,,,,,,,,,,
683,23388,3448.69,154,116,21.966178,2,,,,,,,,,,
684,21588,3447.6,133,99,24.802878,2,,,,,,,,,,
685,21385,3445.85,318,154,10.410423,3,,,,,,,,,,
686,84508A,3445.5,38,18,90.671053,1,,,,,,,,,,
687,21238,3445.22,388,163,8.61305,3,,,,,,,,,,
688,22435,3441.75,268,154,12.470109,5,,,,,,,,,,
689,37370,3436.65,163,74,19.750862,2,,,,,,,,,,
690,23426,3432.87,207,127,16.269526,5,,,,,,,,,,
691,22669,3431.5,235,144,14.602128,5,,,,,,,,,,
692,21497,3430,230,177,14.784483,3,,,,,,,,,,
693,23350,3426.33,306,206,10.842816,3,,,,,,,,,,
694,22300,3411.76,198,101,16.642732,5,,,,,,,,,,
695,21527,3410.17,148,103,19.711965,2,,,,,,,,,,
696,23210,3398.02,193,116,16.10436,5,,,,,,,,,,
697,22311,3397.86,143,63,22.502384,2,,,,,,,,,,
698,22029,3392.61,528,235,6.389096,3,,,,,,,,,,
699,23014,3391.93,210,123,15.70338,5,,,,,,,,,,
700,23156,3387.93,206,118,15.831449,5,,,,,,,,,,
701,23354,3382.09,323,236,10.095791,3,,,,,,,,,,
702,23536,3380.1,86,69,39.303488,2,,,,,,,,,,
703,47567B,3378.91,134,82,23.143219,2,,,,,,,,,,
704,79000,3371.69,129,70,25.161866,2,,,,,,,,,,
705,23085,3357.9,79,65,36.498913,2,,,,,,,,,,
706,22563,3356.93,282,172,11.496336,3,,,,,,,,,,
707,21993,3348.34,426,152,7.732887,3,,,,,,,,,,
708,82580,3347.31,632,211,5.222012,3,,,,,,,,,,
709,21429,3324.85,291,148,10.865523,5,,,,,,,,,,
710,22432,3323.32,279,159,11.579512,5,,,,,,,,,,
711,22653,3321.95,251,75,12.976367,5,,,,,,,,,,
712,84032A,3308.28,314,80,10.403396,5,,,,,,,,,,
713,22079,3298.89,324,191,9.876916,3,,,,,,,,,,
714,22855,3289.23,239,153,13.648257,5,,,,,,,,,,
715,23239,3283.69,179,126,16.839436,5,,,,,,,,,,
716,23308,3279.21,382,210,8.322868,3,,,,,,,,,,
717,22460,3266,212,120,14.913242,5,,,,,,,,,,
718,22567,3249.6,224,136,13.653782,5,,,,,,,,,,
719,22244,3248.91,161,68,18.999474,5,,,,,,,,,,
720,22187,3230.98,193,125,16.400914,5,,,,,,,,,,
721,21463,3230.05,135,78,22.430903,2,,,,,,,,,,
722,23395,3227.58,212,142,14.281327,5,,,,,,,,,,
723,22962,3221.94,343,182,8.803115,3,,,,,,,,,,
724,22746,3219.74,329,180,9.611164,3,,,,,,,,,,
725,20973,3213.52,359,193,8.569387,3,,,,,,,,,,
726,23035,3213.04,193,111,16.227475,5,,,,,,,,,,
727,22967,3212.41,139,123,22.464406,2,,,,,,,,,,
728,23230,3196.92,236,179,13.376234,3,,,,,,,,,,
729,22491,3183.63,220,163,14.276368,5,,,,,,,,,,
730,22430,3166.19,200,132,14.934858,5,,,,,,,,,,
731,21868,3162.84,309,154,9.822484,3,,,,,,,,,,
732,22687,3151.72,56,31,56.280714,2,,,,,,,,,,
733,23323,3148.88,295,211,10.19055,3,,,,,,,,,,
734,23342,3138.43,164,106,18.906205,5,,,,,,,,,,
735,23393,3128.46,230,166,12.927521,5,,,,,,,,,,
736,22848,3126.87,132,69,22.334786,2,,,,,,,,,,
737,23010,3126.87,112,74,27.428684,2,,,,,,,,,,
738,21561,3122.28,215,117,14.388387,5,,,,,,,,,,
739,22465,3110.94,199,121,14.88488,5,,,,,,,,,,
740,23346,3109.84,185,107,16.45418,5,,,,,,,,,,
741,22849,3096.9,130,80,22.279856,2,,,,,,,,,,
742,21381,3095.75,225,89,13.34375,5,,,,,,,,,,
743,20754,3088.86,306,154,9.964065,5,,,,,,,,,,
744,21240,3082.47,326,151,9.228952,3,,,,,,,,,,
745,20828,3079.88,241,117,12.31952,5,,,,,,,,,,
746,22180,3077.53,158,94,18.103118,5,,,,,,,,,,
747,23461,3066.11,95,76,28.389907,2,,,,,,,,,,
748,22606,3063.92,147,113,19.515414,5,,,,,,,,,,
749,23329,3051.39,234,169,11.646527,5,,,,,,,,,,
750,21135,3048.5,181,123,16.12963,5,,,,,,,,,,
751,22604,3044.76,125,78,23.242443,2,,,,,,,,,,
752,23390,3038.04,164,118,17.766316,5,,,,,,,,,,
753,23053,3028.56,165,106,18.244337,5,,,,,,,,,,
754,23051,3021.07,163,96,18.421159,5,,,,,,,,,,
755,22972,3016.49,230,140,12.516556,5,,,,,,,,,,
756,22592,3013.62,136,81,21.997226,2,,,,,,,,,,
757,85184C,3009.22,195,117,15.121709,5,,,,,,,,,,
758,23231,3008.34,260,191,11.570538,3,,,,,,,,,,
759,21115,2995.02,162,105,18.042289,5,,,,,,,,,,
760,21714,2993.15,226,107,12.846137,5,,,,,,,,,,
761,22644,2986.97,278,148,10.554664,5,,,,,,,,,,
762,21201,2985.27,103,45,28.162925,2,,,,,,,,,,
763,23242,2980.95,215,133,13.190044,5,,,,,,,,,,
764,16161P,2980.42,249,189,11.92168,3,,,,,,,,,,
765,22331,2971.84,184,104,16.064,5,,,,,,,,,,
766,22906,2957.77,252,151,11.161396,5,,,,,,,,,,
767,21411,2956.53,242,148,11.969757,5,,,,,,,,,,
768,22894,2951.78,122,83,23.998211,2,,,,,,,,,,
769,21810,2949.04,254,130,10.882066,5,,,,,,,,,,
770,22078,2948.41,194,106,14.524187,5,,,,,,,,,,
771,21918,2943.95,372,194,7.788228,3,,,,,,,,,,
772,22360,2925.57,218,104,12.139295,5,,,,,,,,,,
773,22778,2923.7,146,82,17.402976,5,,,,,,,,,,
774,84568,2923.13,147,19,19.750878,2,,,,,,,,,,
775,22892,2913.91,201,119,13.36656,5,,,,,,,,,,
776,22810,2905.58,168,107,16.79526,5,,,,,,,,,,
777,23211,2903.07,161,83,17.594364,5,,,,,,,,,,
778,47559b,2893.8,317,153,8.959133,5,,,,,,,,,,
779,23290,2886.6,215,126,13.302304,5,,,,,,,,,,
780,21112,2885.13,82,38,35.184512,2,,,,,,,,,,
781,21313,2882.9,215,98,12.756195,5,,,,,,,,,,
782,23345,2882.5,175,102,15.925414,5,,,,,,,,,,
783,22774,2881.94,141,58,19.739315,5,,,,,,,,,,
784,23111,2877.12,139,81,18.562065,5,,,,,,,,,,
785,21976,2871,394,183,7.036765,3,,,,,,,,,,
786,85174,2868.6,158,57,17.491463,5,,,,,,,,,,
787,21990,2865.45,367,129,7.620878,5,,,,,,,,,,
788,23504,2857.64,208,165,12.930498,5,,,,,,,,,,
789,22354,2857.59,84,45,34.018929,2,,,,,,,,,,
790,22165,2855.38,147,28,19.293108,5,,,,,,,,,,
791,22965,2835.01,237,173,11.618893,5,,,,,,,,,,
792,23196,2829.19,300,171,9.067917,3,,,,,,,,,,
793,84968C,2817.11,105,38,26.576509,2,,,,,,,,,,
794,22426,2813.96,212,105,12.967558,5,,,,,,,,,,
795,21563,2803.13,159,96,17.629748,5,,,,,,,,,,
796,21625,2799.01,169,98,16.086264,5,,,,,,,,,,
797,23212,2790.89,187,105,14.095404,5,,,,,,,,,,
798,22843,2787.67,129,93,20.347956,2,,,,,,,,,,
799,22945,2775.17,174,119,15.082446,5,,,,,,,,,,
800,22777,2766.59,62,38,42.562923,2,,,,,,,,,,
801,35004B,2763.17,112,33,22.836116,2,,,,,,,,,,
802,22072,2759.92,164,92,15.248177,5,,,,,,,,,,
803,23190,2758.6,203,147,13.456585,5,,,,,,,,,,
804,22224,2755.21,165,90,16.40006,5,,,,,,,,,,
805,22773,2754.4,191,83,14.053061,5,,,,,,,,,,
806,22380,2746.16,287,115,9.24633,5,,,,,,,,,,
807,22476,2743.71,127,62,21.435234,2,,,,,,,,,,
808,23266,2742.57,320,202,7.995831,3,,,,,,,,,,
809,23100,2741.88,258,181,10.269213,3,,,,,,,,,,
810,21985,2737.63,427,263,6.307903,3,,,,,,,,,,
811,21499,2737.34,218,176,12.442455,5,,,,,,,,,,
812,22196,2735.13,473,148,5.593313,3,,,,,,,,,,
813,23147,2733.35,262,171,10.049081,5,,,,,,,,,,
814,23396,2731.13,197,135,13.067608,5,,,,,,,,,,
815,23065,2727.27,101,82,26.737941,2,,,,,,,,,,
816,23164,2713.7,93,71,29.17957,2,,,,,,,,,,
817,47599B,2713.12,119,71,22.609333,2,,,,,,,,,,
818,22974,2711.54,205,127,12.553426,5,,,,,,,,,,
819,23489,2709.23,159,126,16.419576,5,,,,,,,,,,
820,23333,2706.7,234,180,10.8268,5,,,,,,,,,,
821,84832,2703.35,270,138,9.866241,5,,,,,,,,,,
822,21109,2696.91,113,55,22.855169,2,,,,,,,,,,
823,23264,2693.31,300,178,8.469528,3,,,,,,,,,,
824,21239,2691.19,308,142,8.598051,5,,,,,,,,,,
825,22963,2687.98,308,166,8.347764,3,,,,,,,,,,
826,22760,2687.31,81,51,31.247791,2,,,,,,,,,,
827,22702,2684.65,49,36,54.788776,2,,,,,,,,,,
828,23292,2678.33,223,114,11.644913,5,,,,,,,,,,
829,22925,2674.7,186,126,13.930729,5,,,,,,,,,,
830,72807C,2669.8,166,85,15.256,5,,,,,,,,,,
831,21811,2668.68,249,120,10.224828,5,,,,,,,,,,
832,22433,2661.65,228,122,11.472629,5,,,,,,,,,,
833,22045,2652.34,209,149,12.511038,5,,,,,,,,,,
834,22930,2647.75,190,121,13.718912,5,,,,,,,,,,
835,35961,2640.01,245,118,10.517968,5,,,,,,,,,,
836,22241,2637.12,240,126,10.676599,5,,,,,,,,,,
837,22329,2635.49,239,105,10.845638,5,,,,,,,,,,
838,22792,2633.13,208,101,12.538714,5,,,,,,,,,,
839,22737,2629.8,260,149,9.776208,5,,,,,,,,,,
840,23009,2627.37,103,49,25.508447,2,,,,,,,,,,
841,22236,2627.37,89,67,26.539091,2,,,,,,,,,,
842,22582,2618.75,103,74,24.940476,2,,,,,,,,,,
843,23486,2617.38,75,65,32.71725,2,,,,,,,,,,
844,21012,2611.95,200,67,12.866749,5,,,,,,,,,,
845,22902,2599.68,137,72,18.569143,5,,,,,,,,,,
846,22564,2599.35,187,121,13.468135,5,,,,,,,,,,
847,22175,2594.23,172,86,14.824171,5,,,,,,,,,,
848,21500,2593,213,162,12.173709,5,,,,,,,,,,
849,22794,2592.99,183,115,13.940806,5,,,,,,,,,,
850,72351A,2590.42,165,79,15.148655,5,,,,,,,,,,
851,23341,2583.85,121,76,21.179098,2,,,,,,,,,,
852,84596B,2581.37,528,190,4.727784,3,,,,,,,,,,
853,22610,2578.24,216,124,11.826789,5,,,,,,,,,,
854,22805,2577.28,196,78,12.8864,5,,,,,,,,,,
855,22700,2576.78,54,42,44.427241,2,,,,,,,,,,
856,22278,2576.26,179,60,13.85086,5,,,,,,,,,,
857,22361,2563.23,271,93,9.187204,5,,,,,,,,,,
858,22130,2560.1,112,81,22.069828,2,,,,,,,,,,
859,23253,2557.44,71,45,35.52,2,,,,,,,,,,
860,23407,2556.75,134,104,18.393885,5,,,,,,,,,,
861,22822,2541.96,159,122,15.788571,5,,,,,,,,,,
862,21078,2540.39,314,149,7.963605,5,,,,,,,,,,
863,22927,2536.52,152,95,16.053924,5,,,,,,,,,,
864,22937,2535.19,161,123,15.090417,5,,,,,,,,,,
865,22358,2533.52,256,88,9.669924,5,,,,,,,,,,
866,23681,2526.69,132,106,18.855896,5,,,,,,,,,,
867,20829,2519.79,195,91,12.23199,5,,,,,,,,,,
868,22660,2519.12,102,57,24.697255,2,,,,,,,,,,
869,22691,2518.41,121,66,20.474878,2,,,,,,,,,,
870,21556,2512.97,117,39,21.296356,2,,,,,,,,,,
871,22670,2511.75,302,142,8.208333,5,,,,,,,,,,
872,21107,2501.56,97,49,24.767921,2,,,,,,,,,,
873,85178,2500.98,141,78,17.013469,5,,,,,,,,,,
874,22064,2498.6,243,88,9.393233,5,,,,,,,,,,
875,23146,2491.03,228,152,9.730586,5,,,,,,,,,,
876,23424,2486.07,136,88,18.146496,5,,,,,,,,,,
877,23367,2485.35,283,185,8.570172,3,,,,,,,,,,
878,22672,2484.82,220,126,11.092946,5,,,,,,,,,,
879,22075,2483.54,201,97,12.056019,5,,,,,,,,,,
880,23054,2473.74,131,82,18.740455,5,,,,,,,,,,
881,21903,2467.03,181,114,13.407772,5,,,,,,,,,,
882,21452,2465.96,186,111,12.3298,5,,,,,,,,,,
883,84968A,2460.76,102,33,23.43581,2,,,,,,,,,,
884,22283,2450.91,156,83,15.512089,5,,,,,,,,,,
885,21730,2449.88,132,81,17.375035,5,,,,,,,,,,
886,23352,2447.95,213,152,11.333102,5,,,,,,,,,,
887,85062,2442.7,160,98,14.894512,5,,,,,,,,,,
888,23485,2437.56,84,71,25.39125,2,,,,,,,,,,
889,22807,2428.18,195,75,12.20191,5,,,,,,,,,,
890,22573,2427.25,221,128,10.884529,5,,,,,,,,,,
891,22374,2423.27,227,109,10.445129,5,,,,,,,,,,
892,21328,2418.68,346,136,6.851785,5,,,,,,,,,,
893,22504,2417.58,69,33,33.5775,2,,,,,,,,,,
894,22811,2416.34,109,39,21.966727,2,,,,,,,,,,
895,22437,2410.44,228,141,10.434805,5,,,,,,,,,,
896,23265,2404.79,294,181,7.538527,3,,,,,,,,,,
897,22743,2402.64,207,117,11.386919,5,,,,,,,,,,
898,22782,2400.75,74,65,32.442568,2,,,,,,,,,,
899,21875,2394.38,149,86,15.547922,5,,,,,,,,,,
900,84969,2381.02,213,49,11.126262,5,,,,,,,,,,
901,22440,2380.92,155,101,14.606871,5,,,,,,,,,,
902,20978,2380.05,264,134,8.815,5,,,,,,,,,,
903,23498,2378.48,99,78,22.438491,2,,,,,,,,,,
904,20983,2376.51,269,186,8.280523,3,,,,,,,,,,
905,23028,2375.48,139,89,16.611748,5,,,,,,,,,,
906,22990,2374.88,165,118,13.267486,5,,,,,,,,,,
907,23437,2371.13,132,109,17.963106,5,,,,,,,,,,
908,22215,2367.37,102,73,22.984175,2,,,,,,,,,,
909,23400,2364.73,110,77,21.303874,2,,,,,,,,,,
910,22851,2364.39,351,199,6.513471,3,,,,,,,,,,
911,23316,2362.06,111,76,21.089821,2,,,,,,,,,,
912,23427,2357.64,116,88,19.812101,5,,,,,,,,,,
913,23406,2355.82,114,66,20.308793,2,,,,,,,,,,
914,22548,2351.44,211,150,10.886296,5,,,,,,,,,,
915,23436,2348.64,115,92,20.246897,2,,,,,,,,,,
916,21495,2345.5,166,102,14.129518,5,,,,,,,,,,
917,16156S,2331,168,136,13.875,5,,,,,,,,,,
918,22939,2318.1,126,78,17.831538,5,,,,,,,,,,
919,23412,2316.6,80,65,28.6,2,,,,,,,,,,
920,22425,2315.52,168,111,13.620706,5,,,,,,,,,,
921,23371,2313.53,185,99,12.049635,5,,,,,,,,,,
922,22483,2311.79,170,92,13.286149,5,,,,,,,,,,
923,21700,2304.34,202,59,11.295784,5,,,,,,,,,,
924,21982,2303.75,360,183,6.192876,3,,,,,,,,,,
925,37500,2302.55,114,54,19.849569,5,,,,,,,,,,
926,84950,2298.73,121,68,18.243889,5,,,,,,,,,,
927,84032B,2296.94,256,109,8.766947,5,,,,,,,,,,
928,23401,2296.6,84,60,26.704651,2,,,,,,,,,,
929,23360,2296.15,114,95,19.295378,5,,,,,,,,,,
930,22441,2295.01,220,131,10.065833,5,,,,,,,,,,
931,22736,2293.8,224,131,9.887069,5,,,,,,,,,,
932,23330,2291.97,217,159,9.879181,5,,,,,,,,,,
933,22185,2291.44,162,112,13.803855,5,,,,,,,,,,
934,23197,2287.55,250,117,8.832239,5,,,,,,,,,,
935,21896,2269.34,112,81,19.396068,5,,,,,,,,,,
936,85049G,2266.86,310,163,6.911159,5,,,,,,,,,,
937,23029,2257.72,158,98,13.683152,5,,,,,,,,,,
938,22933,2248.12,123,83,17.98496,5,,,,,,,,,,
939,23048,2248.02,100,82,20.252432,2,,,,,,,,,,
940,22030,2247.97,275,180,8.086223,3,,,,,,,,,,
941,84796B,2244.64,126,17,17.814603,5,,,,,,,,,,
942,21813,2243.3,113,39,19.506957,5,,,,,,,,,,
943,23326,2237.71,76,53,29.061169,2,,,,,,,,,,
944,20977,2237.39,188,112,11.532938,5,,,,,,,,,,
945,23093,2236.75,143,106,15.320205,5,,,,,,,,,,
946,21989,2235.65,335,131,6.536988,5,,,,,,,,,,
947,22914,2228.49,155,107,13.928063,5,,,,,,,,,,
948,23438,2227.42,109,89,20.066847,2,,,,,,,,,,
949,23128,2224.04,140,113,15.444722,5,,,,,,,,,,
950,85175,2223.66,150,86,14.439351,5,,,,,,,,,,
951,23501,2220.37,112,78,19.141121,5,,,,,,,,,,
952,22601,2218.98,202,122,10.668173,5,,,,,,,,,,
953,22478,2218.12,140,60,15.731348,5,,,,,,,,,,
954,21471,2213.09,164,79,13.173155,5,,,,,,,,,,
955,10135,2206.14,176,93,12.256333,5,,,,,,,,,,
956,21900,2197.82,374,168,5.783737,3,,,,,,,,,,
957,23403,2196.61,135,81,15.80295,5,,,,,,,,,,
958,22983,2192.84,444,224,4.905682,3,,,,,,,,,,
959,46000S,2192.4,194,129,11.185714,5,,,,,,,,,,
960,21794,2187.81,108,80,20.071651,2,,,,,,,,,,
961,85038,2179.66,142,71,14.628591,5,,,,,,,,,,
962,21592,2164.46,216,157,9.369957,5,,,,,,,,,,
963,22732,2162.75,188,103,11.382895,5,,,,,,,,,,
964,21878,2162,225,122,9.359307,5,,,,,,,,,,
965,23445,2161.24,102,82,20.781154,2,,,,,,,,,,
966,21249,2160,119,69,18.151261,5,,,,,,,,,,
967,23370,2156.6,152,87,13.563522,5,,,,,,,,,,
968,22377,2153.08,208,84,10.301818,5,,,,,,,,,,
969,23252,2152.86,139,105,14.546351,5,,,,,,,,,,
970,11001,2152.39,114,46,17.936583,5,,,,,,,,,,
971,72349B,2149.4,196,52,10.747,5,,,,,,,,,,
972,23031,2149,156,94,12.945783,5,,,,,,,,,,
973,22704,2147.76,175,130,12.134237,5,,,,,,,,,,
974,23005,2147.13,244,106,8.554303,5,,,,,,,,,,
975,37448,2147.03,188,79,10.422476,5,,,,,,,,,,
976,82581,2144.73,406,173,5.218321,3,,,,,,,,,,
977,23302,2140.38,231,141,8.881245,5,,,,,,,,,,
978,40016,2136.34,100,55,21.3634,2,,,,,,,,,,
979,23161,2130.3,99,59,21.518182,2,,,,,,,,,,
980,23213,2124.67,153,96,13.53293,5,,,,,,,,,,
981,72802C,2120.92,112,65,17.973898,5,,,,,,,,,,
982,22121,2119.82,139,95,15.034184,5,,,,,,,,,,
983,22829,2118.55,112,81,18.422174,5,,,,,,,,,,
984,23079,2118.05,107,84,18.259052,5,,,,,,,,,,
985,21718,2113.39,230,107,9.10944,5,,,,,,,,,,
986,22571,2111.26,255,153,7.937068,5,,,,,,,,,,
987,22973,2109.61,145,82,13.970927,5,,,,,,,,,,
988,23046,2108.19,36,32,58.560833,2,,,,,,,,,,
989,20751,2106.62,200,128,9.321327,5,,,,,,,,,,
990,22357,2098.54,185,71,10.929896,5,,,,,,,,,,
991,21506,2095.97,324,172,6.409694,3,,,,,,,,,,
992,22733,2095.08,197,120,10.423284,5,,,,,,,,,,
993,23233,2095,159,130,13.09375,5,,,,,,,,,,
994,84356,2094.24,82,33,25.539512,2,,,,,,,,,,
995,21609,2089.64,78,60,26.1205,2,,,,,,,,,,
996,22996,2089.05,409,156,4.950355,3,,,,,,,,,,
997,21042,2088.13,132,73,14.915214,5,,,,,,,,,,
998,21980,2083.48,298,194,6.876172,3,,,,,,,,,,
999,23066,2083.08,87,70,23.943448,2,,,,,,,,,,
1000,22107,2081.81,180,47,11.073457,5,,,,,,,,,,
1001,22747,2074.55,228,124,8.903648,5,,,,,,,,,,
1002,22831,2070.9,121,92,16.836585,5,,,,,,,,,,
1003,22955,2070.15,135,92,14.786786,5,,,,,,,,,,
1004,23152,2069.4,161,109,12.466265,5,,,,,,,,,,
1005,22744,2067.94,173,124,11.61764,5,,,,,,,,,,
1006,22574,2063.9,223,133,9.132301,5,,,,,,,,,,
1007,23227,2062.56,118,62,17.332437,5,,,,,,,,,,
1008,22498,2061.67,150,69,13.653444,5,,,,,,,,,,
1009,22059,2058.48,174,86,10.72125,5,,,,,,,,,,
1010,22128,2050.12,78,63,25.6265,2,,,,,,,,,,
1011,22055,2048.74,221,104,8.755299,5,,,,,,,,,,
1012,23291,2047.78,196,105,10.2389,5,,,,,,,,,,
1013,23500,2044.58,98,77,19.108224,5,,,,,,,,,,
1014,23490,2044.02,102,84,19.844854,5,,,,,,,,,,
1015,47504K,2039.97,216,142,9.230633,5,,,,,,,,,,
1016,22863,2038.28,112,78,17.724174,5,,,,,,,,,,
1017,23251,2034.5,121,81,16.146825,5,,,,,,,,,,
1018,37450,2030.19,135,48,13.444967,5,,,,,,,,,,
1019,22167,2029.34,158,42,12.52679,5,,,,,,,,,,
1020,22156,2026.62,257,107,7.342826,5,,,,,,,,,,
1021,20674,2024.98,206,102,9.6889,5,,,,,,,,,,
1022,22070,2021.61,117,65,16.435854,5,,,,,,,,,,
1023,22115,2020.91,228,153,8.786565,5,,,,,,,,,,
1024,23529,2011.99,37,27,54.378108,2,,,,,,,,,,
1025,22080,2011.73,158,117,12.341902,5,,,,,,,,,,
1026,23274,2005,120,86,15.912698,5,,,,,,,,,,
1027,23268,2002.19,96,69,20.641134,2,,,,,,,,,,
1028,21864,2001.79,185,66,10.647819,5,,,,,,,,,,
1029,23289,1998.7,192,112,10.197449,5,,,,,,,,,,
1030,22891,1997.68,169,71,10.514105,5,,,,,,,,,,
1031,22602,1991.57,274,143,7.03735,5,,,,,,,,,,
1032,23357,1984.73,102,80,18.90219,5,,,,,,,,,,
1033,84596F,1984.64,448,167,4.277241,3,,,,,,,,,,
1034,22593,1983.66,199,108,9.771724,5,,,,,,,,,,
1035,22477,1979.15,128,65,15.342248,5,,,,,,,,,,
1036,23068,1976.89,136,107,14.22223,5,,,,,,,,,,
1037,22763,1975.74,109,77,17.640536,5,,,,,,,,,,
1038,23145,1969.03,170,129,11.447849,5,,,,,,,,,,
1039,22931,1968.4,129,96,14.912121,5,,,,,,,,,,
1040,20992,1965.81,277,163,6.686429,5,,,,,,,,,,
1041,21916,1963.83,360,157,5.351035,3,,,,,,,,,,
1042,22859,1960.17,159,113,11.737545,5,,,,,,,,,,
1043,51014A,1957.58,240,107,8.022869,5,,,,,,,,,,
1044,15039,1957.39,146,59,13.136846,5,,,,,,,,,,
1045,22897,1955.1,212,136,8.968349,5,,,,,,,,,,
1046,23374,1949.71,132,109,14.550075,5,,,,,,,,,,
1047,84880,1941.92,78,52,23.681951,2,,,,,,,,,,
1048,22639,1937.71,148,102,12.748092,5,,,,,,,,,,
1049,22412,1933.95,149,74,12.640196,5,,,,,,,,,,
1050,21591,1933.64,148,116,12.08525,5,,,,,,,,,,
1051,84031A,1932.15,166,36,11.500893,5,,,,,,,,,,
1052,22101,1926.81,70,22,27.525857,2,,,,,,,,,,
1053,21192,1924.94,90,33,20.478085,2,,,,,,,,,,
1054,23235,1917.23,106,90,16.671565,5,,,,,,,,,,
1055,20963,1913.67,229,84,8.213176,5,,,,,,,,,,
1056,22291,1911.82,121,73,14.936094,5,,,,,,,,,,
1057,22579,1907.29,343,228,5.372648,3,,,,,,,,,,
1058,23315,1906.71,87,64,21.916207,2,,,,,,,,,,
1059,22594,1904.92,197,94,9.620808,5,,,,,,,,,,
1060,22183,1903.76,130,17,14.532519,5,,,,,,,,,,
1061,37446,1897.39,184,95,9.210631,5,,,,,,,,,,
1062,22199,1893.84,168,72,11.140235,5,,,,,,,,,,
1063,85061W,1891.5,164,78,10.626404,5,,,,,,,,,,
1064,22959,1888.42,146,134,12.759595,5,,,,,,,,,,
1065,23358,1886.19,90,62,20.502065,2,,,,,,,,,,
1066,22312,1885.59,132,63,13.565396,5,,,,,,,,,,
1067,23434,1884.17,200,130,9.327574,5,,,,,,,,,,
1068,20982,1881.52,257,159,7.073383,5,,,,,,,,,,
1069,72807A,1877.89,117,54,15.267398,5,,,,,,,,,,
1070,23491,1876.23,79,65,23.452875,2,,,,,,,,,,
1071,21622,1875.36,107,79,16.450526,5,,,,,,,,,,
1072,23359,1872.31,79,74,23.403875,2,,,,,,,,,,
1073,22534,1870.28,262,174,7.004794,5,,,,,,,,,,
1074,22935,1868.82,66,47,28.315455,2,,,,,,,,,,
1075,70006,1865.63,120,73,15.167724,5,,,,,,,,,,
1076,22186,1865.33,150,113,12.112532,5,,,,,,,,,,
1077,23090,1863.39,151,97,12.021871,5,,,,,,,,,,
1078,21988,1862.75,193,102,9.552564,5,,,,,,,,,,
1079,23394,1860.9,150,91,12.005806,5,,,,,,,,,,
1080,72807B,1851.12,118,57,15.173115,5,,,,,,,,,,
1081,22858,1849.23,137,104,13.022746,5,,,,,,,,,,
1082,23525,1845.07,54,39,33.546727,2,,,,,,,,,,
1083,21068,1844.67,199,82,9.13203,5,,,,,,,,,,
1084,21557,1843.61,162,27,11.310491,5,,,,,,,,,,
1085,21534,1843.27,156,95,10.842765,5,,,,,,,,,,
1086,22414,1842.81,99,38,18.4281,5,,,,,,,,,,
1087,23378,1842.42,176,128,9.800106,5,,,,,,,,,,
1088,16169E,1839.96,151,144,12.025882,5,,,,,,,,,,
1089,23075,1839.95,81,62,20.673596,2,,,,,,,,,,
1090,22928,1839.86,116,63,15.461008,5,,,,,,,,,,
1091,22651,1837.47,170,74,10.808647,5,,,,,,,,,,
1092,22712,1831.86,314,142,5.724563,5,,,,,,,,,,
1093,21870,1828.96,165,98,10.695673,5,,,,,,,,,,
1094,15060B,1828.67,137,69,13.347956,5,,,,,,,,,,
1095,22452,1828.16,146,54,12.26953,5,,,,,,,,,,
1096,22364,1827.72,169,70,9.826452,5,,,,,,,,,,
1097,22788,1827.06,61,36,28.547813,2,,,,,,,,,,
1098,21564,1823.57,124,64,14.472778,5,,,,,,,,,,
1099,21034,1822.1,872,481,1.884281,4,,,,,,,,,,
1100,22027,1821.87,363,181,4.937317,3,,,,,,,,,,
1101,22223,1821.25,78,35,23.053797,2,,,,,,,,,,
1102,15044D,1817.21,85,55,20.887471,2,,,,,,,,,,
1103,22944,1813.49,113,52,15.499915,5,,,,,,,,,,
1104,23228,1810.24,126,59,14.253858,5,,,,,,,,,,
1105,23148,1809.67,248,144,6.854811,5,,,,,,,,,,
1106,21713,1804.29,158,104,10.804132,5,,,,,,,,,,
1107,23160,1801.98,77,51,22.809873,2,,,,,,,,,,
1108,22198,1801.56,89,45,17.490874,5,,,,,,,,,,
1109,22200,1794.48,141,52,12.637183,5,,,,,,,,,,
1110,21245,1792.27,128,73,13.68145,5,,,,,,,,,,
1111,85035C,1787.88,132,87,12.862446,5,,,,,,,,,,
1112,21114,1787.34,139,106,12.412083,5,,,,,,,,,,
1113,23155,1785.02,137,85,11.743553,5,,,,,,,,,,
1114,21735,1784.22,85,62,18.394021,5,,,,,,,,,,
1115,22562,1773.37,211,150,8.172212,5,,,,,,,,,,
1116,84510A,1765.8,280,101,6.152613,5,,,,,,,,,,
1117,23096,1759.79,146,90,11.890473,5,,,,,,,,,,
1118,21832,1758.75,199,84,8.537621,5,,,,,,,,,,
1119,22536,1757.39,157,110,10.848086,5,,,,,,,,,,
1120,22314,1756.17,134,60,12.818759,5,,,,,,,,,,
1121,22710,1753.42,105,80,16.541698,5,,,,,,,,,,
1122,21584,1753.25,147,119,10.957813,5,,,,,,,,,,
1123,23399,1752.35,225,147,7.301458,5,,,,,,,,,,
1124,15058B,1746.21,99,33,17.4621,5,,,,,,,,,,
1125,23101,1744.61,213,176,7.966256,5,,,,,,,,,,
1126,22119,1743.06,107,83,15.29,5,,,,,,,,,,
1127,22428,1741.33,117,76,14.757034,5,,,,,,,,,,
1128,23020,1738.26,78,68,20.942892,2,,,,,,,,,,
1129,22932,1738.08,73,53,23.487568,2,,,,,,,,,,
1130,21873,1737.98,117,63,14.129919,5,,,,,,,,,,
1131,22588,1737.44,177,112,9.546374,5,,,,,,,,,,
1132,22852,1736.63,126,84,13.674252,5,,,,,,,,,,
1133,21899,1733.27,281,150,5.976793,5,,,,,,,,,,
1134,23372,1732.79,148,77,11.251883,5,,,,,,,,,,
1135,85034C,1732,159,110,9.954023,5,,,,,,,,,,
1136,21329,1728.64,287,121,5.940344,5,,,,,,,,,,
1137,20981,1726.12,250,158,6.742656,5,,,,,,,,,,
1138,23122,1725.26,134,91,12.323286,5,,,,,,,,,,
1139,85015,1719.84,143,104,11.860966,5,,,,,,,,,,
1140,35004C,1717.5,42,29,35.05102,2,,,,,,,,,,
1141,23244,1717.03,113,88,14.67547,5,,,,,,,,,,
1142,22037,1715.48,354,174,4.778496,3,,,,,,,,,,
1143,22816,1706.88,266,159,6.29845,5,,,,,,,,,,
1144,22227,1706.77,290,84,5.632904,5,,,,,,,,,,
1145,23214,1705.44,103,80,15.646239,5,,,,,,,,,,
1146,22986,1701.6,156,125,10.907692,5,,,,,,,,,,
1147,22934,1698.62,79,66,21.501519,2,,,,,,,,,,
1148,21917,1698.57,226,133,7.385087,5,,,,,,,,,,
1149,22544,1698.12,176,103,9.434,5,,,,,,,,,,
1150,37340,1694.69,137,60,12.192014,5,,,,,,,,,,
1151,21544,1690.23,174,81,9.60358,5,,,,,,,,,,
1152,21586,1688.7,70,57,23.784507,2,,,,,,,,,,
1153,85040A,1687.85,186,89,8.43925,5,,,,,,,,,,
1154,20961,1686.68,229,83,7.270172,5,,,,,,,,,,
1155,21207,1686.5,132,75,12.585821,5,,,,,,,,,,
1156,22789,1686.27,139,102,11.710208,5,,,,,,,,,,
1157,51008,1683.65,24,17,70.152083,1,,,,,,,,,,
1158,22674,1681.47,188,107,8.71228,5,,,,,,,,,,
1159,21812,1680.48,101,37,16.158462,5,,,,,,,,,,
1160,23317,1677.74,82,57,20.213735,2,,,,,,,,,,
1161,47570B,1677.63,35,24,47.932286,2,,,,,,,,,,
1162,23368,1677.6,233,135,6.960996,5,,,,,,,,,,
1163,16161U,1677,135,105,12.422222,5,,,,,,,,,,
1164,22419,1674.36,273,95,5.937447,5,,,,,,,,,,
1165,22335,1672.79,225,89,7.118255,5,,,,,,,,,,
1166,23366,1670.55,195,116,8.394724,5,,,,,,,,,,
1167,22076,1669.53,225,97,7.354758,5,,,,,,,,,,
1168,23505,1660.04,115,94,13.606885,5,,,,,,,,,,
1169,21578,1660.01,132,69,12.388134,5,,,,,,,,,,
1170,22479,1658.57,98,49,16.924184,5,,,,,,,,,,
1171,21981,1652.63,272,144,5.966173,5,,,,,,,,,,
1172,21111,1652.27,94,47,17.211146,5,,,,,,,,,,
1173,23270,1650.67,128,97,12.227185,5,,,,,,,,,,
1174,21577,1649.15,176,95,9.317232,5,,,,,,,,,,
1175,21845,1645.45,83,64,18.081868,5,,,,,,,,,,
1176,22913,1644.09,113,79,14.421842,5,,,,,,,,,,
1177,22161,1642.6,341,119,4.525069,5,,,,,,,,,,
1178,23273,1642.45,113,89,14.038034,5,,,,,,,,,,
1179,85034B,1642.07,121,81,13.13656,5,,,,,,,,,,
1180,22332,1640.05,149,93,10.649675,5,,,,,,,,,,
1181,22375,1639.29,170,68,9.475665,5,,,,,,,,,,
1182,22853,1636.46,117,77,13.986838,5,,,,,,,,,,
1183,22154,1635.41,163,88,9.508198,5,,,,,,,,,,
1184,23391,1632.32,87,59,18.340674,5,,,,,,,,,,
1185,85132A,1631.49,120,39,13.372869,5,,,,,,,,,,
1186,84968F,1631.16,67,26,24.345672,2,,,,,,,,,,
1187,22445,1624.76,131,73,11.773623,5,,,,,,,,,,
1188,22975,1623.38,187,111,8.589312,5,,,,,,,,,,
1189,21706,1620.68,120,54,13.39405,5,,,,,,,,,,
1190,22284,1620.17,132,80,11.740362,5,,,,,,,,,,
1191,21056,1614.7,73,47,21.82027,2,,,,,,,,,,
1192,23217,1613.82,97,65,16.301212,5,,,,,,,,,,
1193,23280,1613.33,158,89,10.083313,5,,,,,,,,,,
1194,22671,1608.9,145,77,11.019863,5,,,,,,,,,,
1195,22292,1608.86,112,77,13.519832,5,,,,,,,,,,
1196,21206,1607.62,110,57,14.35375,5,,,,,,,,,,
1197,23181,1607.61,83,61,18.69314,5,,,,,,,,,,
1198,35953,1604.92,132,82,11.800882,5,,,,,,,,,,
1199,22473,1603.83,114,59,14.068684,5,,,,,,,,,,
1200,22305,1602.03,52,36,30.808269,2,,,,,,,,,,
1201,22095,1599.35,144,73,10.186943,5,,,,,,,,,,
1202,21394,1595.19,135,89,11.559348,5,,,,,,,,,,
1203,23348,1594.87,176,96,8.483351,5,,,,,,,,,,
1204,22948,1594.79,138,70,10.848912,5,,,,,,,,,,
1205,22799,1591.74,89,71,17.686,5,,,,,,,,,,
1206,23483,1590.32,74,58,19.879,5,,,,,,,,,,
1207,21967,1583.41,232,130,6.625146,5,,,,,,,,,,
1208,23369,1581.06,126,81,12.256279,5,,,,,,,,,,
1209,46000M,1581,144,93,10.903448,5,,,,,,,,,,
1210,15058A,1578.57,92,42,16.616526,5,,,,,,,,,,
1211,22475,1575.6,140,50,11.018182,5,,,,,,,,,,
1212,21509,1572.28,274,143,5.738248,5,,,,,,,,,,
1213,85206A,1572.23,116,100,13.212017,5,,,,,,,,,,
1214,23287,1570.24,199,116,7.697255,5,,,,,,,,,,
1215,22583,1567.85,112,74,13.633478,5,,,,,,,,,,
1216,21055,1567.38,106,64,14.512778,5,,,,,,,,,,
1217,22449,1567.2,145,66,10.661224,5,,,,,,,,,,
1218,22676,1567.14,208,62,7.357465,5,,,,,,,,,,
1219,22085,1566.99,97,63,15.989694,5,,,,,,,,,,
1220,22208,1564.86,281,149,5.340819,5,,,,,,,,,,
1221,21744,1563.55,128,67,11.845076,5,,,,,,,,,,
1222,84971S,1560.85,173,70,8.868466,5,,,,,,,,,,
1223,21913,1554.58,149,73,10.363867,5,,,,,,,,,,
1224,22832,1547.41,77,66,19.103827,5,,,,,,,,,,
1225,20665,1546.27,159,59,9.724969,5,,,,,,,,,,
1226,22434,1545.06,125,95,11.885077,5,,,,,,,,,,
1227,21626,1543.85,100,65,14.564623,5,,,,,,,,,,
1228,21898,1541.11,28,7,55.039643,2,,,,,,,,,,
1229,10133,1540.02,198,102,7.7001,5,,,,,,,,,,
1230,23226,1536.67,99,57,15.3667,5,,,,,,,,,,
1231,23524,1535.13,64,43,23.986406,2,,,,,,,,,,
1232,22176,1533.93,118,63,12.573197,5,,,,,,,,,,
1233,21200,1531.14,75,34,20.4152,2,,,,,,,,,,
1234,22762,1528.47,113,75,12.844286,5,,,,,,,,,,
1235,20985,1526.16,132,67,10.672448,5,,,,,,,,,,
1236,22675,1525.16,165,95,8.867209,5,,,,,,,,,,
1237,22494,1523.52,246,80,6.021818,5,,,,,,,,,,
1238,22600,1521.13,194,123,7.60565,5,,,,,,,,,,
1239,22318,1520.97,143,68,10.489448,5,,,,,,,,,,
1240,85049C,1520.65,225,163,6.554526,5,,,,,,,,,,
1241,22818,1520.16,245,152,6.10506,5,,,,,,,,,,
1242,22731,1518.74,144,86,10.474069,5,,,,,,,,,,
1243,84279P,1516.96,129,80,10.913381,5,,,,,,,,,,
1244,84884A,1515.68,105,53,14.435048,5,,,,,,,,,,
1245,22982,1515.02,213,121,7.046605,5,,,,,,,,,,
1246,20668,1512.92,215,112,6.814955,5,,,,,,,,,,
1247,84828,1511.36,183,83,7.996614,5,,,,,,,,,,
1248,21069,1508.71,88,36,16.951798,5,,,,,,,,,,
1249,22530,1507.64,234,144,6.308117,5,,,,,,,,,,
1250,22905,1505.24,110,51,13.439643,5,,,,,,,,,,
1251,23528,1504.49,50,31,30.0898,2,,,,,,,,,,
1252,22472,1501.4,109,59,13.405357,5,,,,,,,,,,
1253,22985,1500.44,99,78,15.15596,5,,,,,,,,,,
1254,23271,1499.38,104,70,14.012897,5,,,,,,,,,,
1255,23064,1498.5,25,21,44.073529,2,,,,,,,,,,
1256,23094,1498.5,80,66,18.5,5,,,,,,,,,,
1257,84795b,1497.36,62,34,24.150968,2,,,,,,,,,,
1258,22285,1494.9,120,75,12.055645,5,,,,,,,,,,
1259,23334,1491.75,130,84,10.96875,5,,,,,,,,,,
1260,23559,1488.65,124,70,11.721654,5,,,,,,,,,,
1261,84580,1486.18,165,92,8.84631,5,,,,,,,,,,
1262,22398,1484.51,249,168,5.753915,5,,,,,,,,,,
1263,21327,1484.13,252,100,5.797383,5,,,,,,,,,,
1264,22471,1482.15,106,54,13.851869,5,,,,,,,,,,
1265,21619,1481.4,165,100,8.76568,5,,,,,,,,,,
1266,21781,1478.52,104,53,13.201071,5,,,,,,,,,,
1267,22282,1478.52,100,40,14.7852,5,,,,,,,,,,
1268,22220,1477.82,87,67,15.393958,5,,,,,,,,,,
1269,21447,1476.85,151,57,9.716118,5,,,,,,,,,,
1270,22203,1475.63,147,76,9.970473,5,,,,,,,,,,
1271,23267,1471.95,109,80,13.142411,5,,,,,,,,,,
1272,23365,1464.38,169,108,8.367886,5,,,,,,,,,,
1273,21829,1460.74,181,105,7.895892,5,,,,,,,,,,
1274,22713,1459.2,218,110,6.514286,5,,,,,,,,,,
1275,21470,1459.07,141,79,10.203287,5,,,,,,,,,,
1276,23034,1457.37,89,58,15.670645,5,,,,,,,,,,
1277,22696,1456.45,152,109,9.160063,5,,,,,,,,,,
1278,85114C,1454.88,110,38,12.875044,5,,,,,,,,,,
1279,15044A,1453.77,103,54,13.978558,5,,,,,,,,,,
1280,22797,1452.57,94,64,14.102621,5,,,,,,,,,,
1281,21620,1451.99,168,98,8.297086,5,,,,,,,,,,
1282,21191,1451.82,95,39,15.282316,5,,,,,,,,,,
1283,22474,1451.57,135,72,10.75237,5,,,,,,,,,,
1284,21352,1450.51,79,37,18.131375,5,,,,,,,,,,
1285,22664,1447.65,163,63,8.773636,5,,,,,,,,,,
1286,37342,1443.33,112,51,12.550696,5,,,,,,,,,,
1287,21872,1442.26,143,83,9.679597,5,,,,,,,,,,
1288,84968D,1440.47,59,28,24.414746,2,,,,,,,,,,
1289,37495,1438.49,93,76,13.831635,5,,,,,,,,,,
1290,23392,1435.51,114,71,12.063109,5,,,,,,,,,,
1291,23086,1435.18,48,32,29.289388,2,,,,,,,,,,
1292,21528,1430.92,112,63,11.539677,5,,,,,,,,,,
1293,21705,1430.57,142,90,9.798425,5,,,,,,,,,,
1294,21792,1429.59,78,59,18.096076,5,,,,,,,,,,
1295,23073,1428.57,62,50,22.675714,2,,,,,,,,,,
1296,85054,1428.13,118,67,11.610813,5,,,,,,,,,,
1297,22458,1421.83,24,13,59.242917,2,,,,,,,,,,
1298,21407,1416.86,140,80,10.120429,5,,,,,,,,,,
1299,22182,1415.63,123,31,11.235159,5,,,,,,,,,,
1300,21507,1415.2,263,140,5.340377,5,,,,,,,,,,
1301,22949,1414.65,106,83,13.098611,5,,,,,,,,,,
1302,22531,1413.25,200,128,6.961823,5,,,,,,,,,,
1303,82567,1412.27,292,87,4.803639,5,,,,,,,,,,
1304,22714,1410.69,226,126,6.241991,5,,,,,,,,,,
1305,22576,1410.21,175,103,7.8345,5,,,,,,,,,,
1306,84031B,1409.41,144,31,9.523041,5,,,,,,,,,,
1307,84536A,1407.52,346,141,4.021486,5,,,,,,,,,,
1308,23527,1406.06,49,41,27.569804,2,,,,,,,,,,
1309,22306,1399.87,112,86,11.763613,5,,,,,,,,,,
1310,22436,1399.16,164,106,8.230353,5,,,,,,,,,,
1311,C2,1398.6,143,30,9.7125,5,,,,,,,,,,
1312,23250,1389.23,111,65,11.773136,5,,,,,,,,,,
1313,22735,1387.46,136,74,9.840142,5,,,,,,,,,,
1314,21424,1386.27,72,22,18.240395,5,,,,,,,,,,
1315,23040,1384.19,41,34,32.190465,2,,,,,,,,,,
1316,22047,1384,107,94,12.697248,5,,,,,,,,,,
1317,21382,1383.08,129,65,10.477879,5,,,,,,,,,,
1318,23376,1380.23,156,105,8.572857,5,,,,,,,,,,
1319,23119,1380,152,98,8.961039,5,,,,,,,,,,
1320,21071,1378.92,180,73,7.535082,5,,,,,,,,,,
1321,72802A,1376.07,69,45,18.595541,5,,,,,,,,,,
1322,23546,1375.5,120,106,11.367769,5,,,,,,,,,,
1323,22677,1375.32,194,60,7.016939,5,,,,,,,,,,
1324,22609,1374.94,156,90,8.647421,5,,,,,,,,,,
1325,21519,1374.1,248,101,5.4964,5,,,,,,,,,,
1326,22976,1374.01,144,78,9.099404,5,,,,,,,,,,
1327,22063,1370.4,121,57,10.303759,5,,,,,,,,,,
1328,85227,1368.75,223,116,5.775316,5,,,,,,,,,,
1329,22915,1368.62,186,111,7.203263,5,,,,,,,,,,
1330,22304,1368.18,61,39,22.067419,2,,,,,,,,,,
1331,22716,1365.95,288,168,4.726471,5,,,,,,,,,,
1332,23470,1365.1,85,71,14.838043,5,,,,,,,,,,
1333,15058C,1363.88,73,27,18.683288,5,,,,,,,,,,
1334,84818,1360.15,101,80,12.593981,5,,,,,,,,,,
1335,23249,1358.19,82,58,15.260562,5,,,,,,,,,,
1336,22591,1353.36,88,56,14.552258,5,,,,,,,,,,
1337,21123,1353.34,155,67,8.458375,5,,,,,,,,,,
1338,23000,1352.74,279,127,4.746456,5,,,,,,,,,,
1339,22754,1352.17,266,121,5.008037,5,,,,,,,,,,
1340,23061,1351.43,118,77,11.168843,5,,,,,,,,,,
1341,21615,1349.17,136,87,9.636929,5,,,,,,,,,,
1342,22421,1346.68,214,81,6.205899,5,,,,,,,,,,
1343,84968e,1344.58,53,16,25.369434,2,,,,,,,,,,
1344,22911,1343.34,95,69,13.569091,5,,,,,,,,,,
1345,22293,1341.67,122,64,10.400543,5,,,,,,,,,,
1346,23469,1338.64,73,62,18.08973,5,,,,,,,,,,
1347,21987,1338.2,172,107,7.517978,5,,,,,,,,,,
1348,22917,1336.97,241,133,5.369357,5,,,,,,,,,,
1349,51014C,1335.58,176,72,7.298251,5,,,,,,,,,,
1350,21439,1334.67,131,52,10.111136,5,,,,,,,,,,
1351,72802B,1331.24,86,56,14.629011,5,,,,,,,,,,
1352,22650,1329.4,145,79,8.982432,5,,,,,,,,,,
1353,23538,1328.82,32,26,40.267273,2,,,,,,,,,,
1354,23414,1328.15,65,59,20.433077,2,,,,,,,,,,
1355,22742,1327.31,102,79,12.641048,5,,,,,,,,,,
1356,21246,1325.28,99,34,13.2528,5,,,,,,,,,,
1357,85183B,1323.37,118,85,11.120756,5,,,,,,,,,,
1358,21039,1323.09,91,58,14.381413,5,,,,,,,,,,
1359,21818,1322.5,164,118,7.30663,5,,,,,,,,,,
1360,22299,1321.97,81,40,15.927349,5,,,,,,,,,,
1361,22443,1318.29,92,61,14.024362,5,,,,,,,,,,
1362,22399,1317.08,99,72,13.040396,5,,,,,,,,,,
1363,23221,1315.73,146,86,8.543701,5,,,,,,,,,,
1364,22920,1314.89,243,134,5.25956,5,,,,,,,,,,
1365,21363,1314.81,127,69,9.597153,5,,,,,,,,,,
1366,23373,1313.39,100,87,13.1339,5,,,,,,,,,,
1367,90057,1311.36,23,22,57.015652,2,,,,,,,,,,
1368,21179,1310.75,269,123,4.731949,5,,,,,,,,,,
1369,22830,1308.69,8,6,163.58625,1,,,,,,,,,,
1370,21195,1308.56,82,22,15.765783,5,,,,,,,,,,
1371,22916,1308.36,238,131,5.318537,5,,,,,,,,,,
1372,22912,1307.43,101,75,12.693495,5,,,,,,,,,,
1373,22028,1304.14,265,125,4.884419,5,,,,,,,,,,
1374,23405,1302.83,71,55,17.605811,5,,,,,,,,,,
1375,22073,1298.64,71,39,17.087368,5,,,,,,,,,,
1376,21793,1296.61,75,58,17.060658,5,,,,,,,,,,
1377,22310,1296.23,109,30,11.677748,5,,,,,,,,,,
1378,21064,1296.15,101,41,12.113551,5,,,,,,,,,,
1379,21866,1296.13,193,80,6.57934,5,,,,,,,,,,
1380,85199S,1295.17,262,102,4.709709,5,,,,,,,,,,
1381,21422,1291.6,65,34,19.569697,5,,,,,,,,,,
1382,37447,1289.39,116,52,10.656116,5,,,,,,,,,,
1383,21616,1288.34,138,85,9.072817,5,,,,,,,,,,
1384,21624,1286.88,96,74,12.8688,5,,,,,,,,,,
1385,21408,1286.71,118,51,10.633967,5,,,,,,,,,,
1386,22372,1285.24,151,82,8.455526,5,,,,,,,,,,
1387,22999,1279.05,223,109,5.513147,5,,,,,,,,,,
1388,22686,1278.38,166,41,7.65497,5,,,,,,,,,,
1389,47480,1277.47,86,30,14.516705,5,,,,,,,,,,
1390,21901,1274.64,310,144,3.98325,5,,,,,,,,,,
1391,21211,1271.52,103,59,12.109714,5,,,,,,,,,,
1392,22918,1270.8,239,131,5.144939,5,,,,,,,,,,
1393,21897,1268.19,5,2,253.638,1,,,,,,,,,,
1394,21820,1267.22,92,50,12.800202,5,,,,,,,,,,
1395,85114A,1266.91,71,21,17.843803,5,,,,,,,,,,
1396,22509,1265.53,87,72,14.061444,5,,,,,,,,,,
1397,21902,1264.97,211,115,5.802615,5,,,,,,,,,,
1398,21090,1264.19,219,99,5.643705,5,,,,,,,,,,
1399,22572,1255.72,180,115,6.71508,5,,,,,,,,,,
1400,22439,1252.92,198,117,6.052754,5,,,,,,,,,,
1401,22977,1252.61,136,99,9.076884,5,,,,,,,,,,
1402,85059,1250.61,129,63,9.546641,5,,,,,,,,,,
1403,23067,1249.11,78,64,14.695412,5,,,,,,,,,,
1404,22166,1247.69,88,14,14.018989,5,,,,,,,,,,
1405,23511,1245.77,99,84,12.213431,5,,,,,,,,,,
1406,47503A,1239.12,167,124,7.080686,5,,,,,,,,,,
1407,22362,1232.09,138,63,8.556181,5,,,,,,,,,,
1408,22922,1231.71,104,74,11.404722,5,,,,,,,,,,
1409,22129,1231.52,100,34,12.193267,5,,,,,,,,,,
1410,85132B,1230.78,85,45,14.479765,5,,,,,,,,,,
1411,22603,1226.03,172,113,6.84933,5,,,,,,,,,,
1412,22338,1222.4,181,95,6.467725,5,,,,,,,,,,
1413,22074,1221.52,200,62,6.047129,5,,,,,,,,,,
1414,22315,1221.43,172,91,6.9796,5,,,,,,,,,,
1415,23138,1221.36,83,61,13.879091,5,,,,,,,,,,
1416,22597,1218.88,187,96,6.31544,5,,,,,,,,,,
1417,23598,1218.48,47,41,25.385,2,,,,,,,,,,
1418,82599,1217.73,144,68,8.340616,5,,,,,,,,,,
1419,71038,1217.7,50,35,22.975472,2,,,,,,,,,,
1420,22919,1216.66,241,133,4.905887,5,,,,,,,,,,
1421,22613,1214.11,146,83,8.203446,5,,,,,,,,,,
1422,72800E,1213.29,136,63,8.544296,5,,,,,,,,,,
1423,23539,1213.13,41,33,28.884048,2,,,,,,,,,,
1424,22589,1212.82,79,47,14.973086,5,,,,,,,,,,
1425,82578,1212.35,306,143,3.910806,5,,,,,,,,,,
1426,22575,1210.37,92,63,12.740737,5,,,,,,,,,,
1427,22071,1207.55,87,66,12.846277,5,,,,,,,,,,
1428,21262,1206.19,79,44,14.53241,5,,,,,,,,,,
1429,72817,1202.27,166,75,7.156369,5,,,,,,,,,,
1430,22416,1202.12,77,56,15.611948,5,,,,,,,,,,
1431,21986,1197.73,189,119,6.270838,5,,,,,,,,,,
1432,22711,1192.34,104,90,11.248491,5,,,,,,,,,,
1433,22755,1190.51,251,111,4.65043,5,,,,,,,,,,
1434,22526,1188.81,82,58,13.986,5,,,,,,,,,,
1435,22453,1188.74,80,39,14.322169,5,,,,,,,,,,
1436,21070,1186.23,107,52,10.882844,5,,,,,,,,,,
1437,21537,1183.46,63,53,16.906571,5,,,,,,,,,,
1438,84012,1181.99,116,79,10.102479,5,,,,,,,,,,
1439,35924,1181.79,73,26,14.959367,5,,,,,,,,,,
1440,23104,1178.82,46,39,25.626522,2,,,,,,,,,,
1441,22081,1176.5,139,75,8.343972,5,,,,,,,,,,
1442,22921,1176.32,210,117,5.445926,5,,,,,,,,,,
1443,85039B,1174.63,172,39,6.789769,5,,,,,,,,,,
1444,23026,1171.92,63,44,17.491343,5,,,,,,,,,,
1445,84813,1171.45,39,21,30.037179,2,,,,,,,,,,
1446,21742,1168.33,91,76,12.429043,5,,,,,,,,,,
1447,23418,1168.08,79,56,14.601,5,,,,,,,,,,
1448,22757,1167.74,164,82,7.077212,5,,,,,,,,,,
1449,21065,1167.08,90,32,12.415745,5,,,,,,,,,,
1450,20984,1166.94,174,136,6.376721,5,,,,,,,,,,
1451,23515,1164.98,71,59,16.180278,5,,,,,,,,,,
1452,23508,1164.29,121,96,8.75406,5,,,,,,,,,,
1453,23269,1163.13,95,64,11.868673,5,,,,,,,,,,
1454,22334,1160.71,101,78,11.37951,5,,,,,,,,,,
1455,84313C,1158.92,46,18,25.193913,2,,,,,,,,,,
1456,23431,1158.9,73,64,14.48625,5,,,,,,,,,,
1457,23507,1156.51,119,92,8.965194,5,,,,,,,,,,
1458,23566,1154.43,84,45,13.581529,5,,,,,,,,,,
1459,21773,1154.17,163,51,7.037622,5,,,,,,,,,,
1460,23523,1151.31,42,36,27.412143,2,,,,,,,,,,
1461,21774,1151.15,187,40,6.123138,5,,,,,,,,,,
1462,23402,1151.03,68,48,16.681594,5,,,,,,,,,,
1463,22708,1149.5,101,80,11.381188,5,,,,,,,,,,
1464,21846,1147.57,104,13,11.034327,5,,,,,,,,,,
1465,85106,1147.41,23,10,47.80875,2,,,,,,,,,,
1466,22497,1145.15,101,51,11.226961,5,,,,,,,,,,
1467,23057,1144.97,47,39,20.817636,2,,,,,,,,,,
1468,85039A,1144.08,192,27,5.89732,5,,,,,,,,,,
1469,21043,1143.76,92,53,12.298495,5,,,,,,,,,,
1470,23142,1143.45,41,35,27.225,2,,,,,,,,,,
1471,21693,1143.31,51,41,21.571887,2,,,,,,,,,,
1472,20956,1142.77,105,52,10.581204,5,,,,,,,,,,
1473,21947,1142.15,152,63,7.183333,5,,,,,,,,,,
1474,22376,1141.7,123,67,9.061111,5,,,,,,,,,,
1475,23506,1139.2,146,115,7.302564,5,,,,,,,,,,
1476,22678,1139.06,168,60,6.700353,5,,,,,,,,,,
1477,21395,1137.5,92,64,11.973684,5,,,,,,,,,,
1478,22581,1137.28,178,85,6.147459,5,,,,,,,,,,
1479,84912B,1136.6,162,33,6.888485,5,,,,,,,,,,
1480,22446,1135.18,133,26,8.346912,5,,,,,,,,,,
1481,20801,1133.8,83,48,13.338824,5,,,,,,,,,,
1482,22539,1130.58,136,75,8.018298,5,,,,,,,,,,
1483,22442,1130.31,79,70,13.297765,5,,,,,,,,,,
1484,47585A,1129.26,83,24,13.605542,5,,,,,,,,,,
1485,85087,1127.04,127,8,8.874331,5,,,,,,,,,,
1486,22815,1123.88,268,80,4.177993,5,,,,,,,,,,
1487,22680,1122.79,160,62,6.84628,5,,,,,,,,,,
1488,22608,1120.15,145,64,7.67226,5,,,,,,,,,,
1489,21809,1119.56,120,73,8.885397,5,,,,,,,,,,
1490,23510,1119.22,120,91,8.882698,5,,,,,,,,,,
1491,21466,1116.89,112,72,9.972232,5,,,,,,,,,,
1492,22817,1114.81,290,80,3.844172,5,,,,,,,,,,
1493,22155,1114.29,144,68,7.282941,5,,,,,,,,,,
1494,22758,1112.75,178,86,6.14779,5,,,,,,,,,,
1495,23375,1108.07,104,86,10.553048,5,,,,,,,,,,
1496,23225,1107.28,89,47,11.906237,5,,,,,,,,,,
1497,21830,1107.07,107,64,9.884554,5,,,,,,,,,,
1498,23411,1106.46,57,43,19.076897,5,,,,,,,,,,
1499,22984,1106.17,163,92,6.704061,5,,,,,,,,,,
1500,22153,1104.85,132,63,7.835816,5,,,,,,,,,,
1501,22819,1104.81,270,95,4.091889,5,,,,,,,,,,
1502,23513,1101.78,71,60,15.518028,5,,,,,,,,,,
1503,21688,1101.28,58,37,18.987586,5,,,,,,,,,,
1504,22461,1100.84,55,38,16.430448,5,,,,,,,,,,
1505,21984,1099.55,213,125,5.020776,5,,,,,,,,,,
1506,22094,1098.23,201,120,5.131916,5,,,,,,,,,,
1507,22168,1094.8,81,72,12.301124,5,,,,,,,,,,
1508,22309,1093.6,121,49,8.891057,5,,,,,,,,,,
1509,47580,1091.22,111,56,9.572105,5,,,,,,,,,,
1510,22320,1087.16,74,57,14.118961,5,,,,,,,,,,
1511,23432,1086.82,74,66,14.300263,5,,,,,,,,,,
1512,23102,1086.65,157,129,6.707716,5,,,,,,,,,,
1513,22997,1083.17,223,102,4.609234,5,,,,,,,,,,
1514,85127,1081.07,54,18,19.655818,5,,,,,,,,,,
1515,84459B,1079.67,94,55,11.364947,5,,,,,,,,,,
1516,23041,1078.88,55,47,19.616,5,,,,,,,,,,
1517,21469,1077.82,90,58,11.844176,5,,,,,,,,,,
1518,22611,1076.67,46,37,22.907872,2,,,,,,,,,,
1519,22325,1073.35,94,53,10.7335,5,,,,,,,,,,
1520,23087,1071.91,70,44,15.313,5,,,,,,,,,,
1521,22342,1071.38,129,50,8.241385,5,,,,,,,,,,
1522,22123,1069.17,122,60,8.622339,5,,,,,,,,,,
1523,21824,1068.01,119,64,8.683008,5,,,,,,,,,,
1524,22444,1067.87,63,32,16.179848,5,,,,,,,,,,
1525,21819,1067.82,125,96,7.851618,5,,,,,,,,,,
1526,23033,1067.6,74,43,14.234667,5,,,,,,,,,,
1527,85035B,1066.82,72,39,14.613973,5,,,,,,,,,,
1528,22245,1066.6,101,45,10.255769,5,,,,,,,,,,
1529,21991,1065.82,212,81,5.00385,5,,,,,,,,,,
1530,22286,1065.39,116,65,8.952857,5,,,,,,,,,,
1531,21224,1065,166,59,6.301775,5,,,,,,,,,,
1532,23433,1063.97,90,77,11.564891,5,,,,,,,,,,
1533,23516,1062.35,42,40,23.607778,2,,,,,,,,,,
1534,23331,1062.28,109,68,9.318246,5,,,,,,,,,,
1535,22438,1058.69,98,67,10.179712,5,,,,,,,,,,
1536,21391,1058.14,109,70,9.201217,5,,,,,,,,,,
1537,22190,1057.71,116,39,9.040256,5,,,,,,,,,,
1538,21949,1054.44,144,47,7.272,5,,,,,,,,,,
1539,22211,1054.44,197,102,5.194286,5,,,,,,,,,,
1540,16016,1053.45,65,41,16.206923,5,,,,,,,,,,
1541,23113,1052.64,59,40,16.4475,5,,,,,,,,,,
1542,M,1051.88,296,277,1.838951,3,,,,,,,,,,
1543,22152,1051.82,107,71,9.308142,5,,,,,,,,,,
1544,22066,1049.1,136,101,7.185616,5,,,,,,,,,,
1545,22363,1048.25,85,47,11.519231,5,,,,,,,,,,
1546,85159B,1047.96,60,45,14.555,5,,,,,,,,,,
1547,35648,1047.57,131,41,7.702721,5,,,,,,,,,,
1548,23327,1046.42,42,34,23.782273,2,,,,,,,,,,
1549,23056,1045.45,41,34,20.49902,2,,,,,,,,,,
1550,85116,1043.88,90,31,11.346522,5,,,,,,,,,,
1551,23419,1043.72,87,57,11.860455,5,,,,,,,,,,
1552,21508,1041.94,214,109,4.846233,5,,,,,,,,,,
1553,22995,1041.42,267,91,3.814725,5,,,,,,,,,,
1554,79302M,1037.54,63,27,16.211563,5,,,,,,,,,,
1555,16237,1035.96,291,110,3.476376,5,,,,,,,,,,
1556,23347,1034.8,98,52,10.245545,5,,,,,,,,,,
1557,22785,1033.75,74,49,13.969595,5,,,,,,,,,,
1558,23088,1033.28,79,53,13.079494,5,,,,,,,,,,
1559,22060,1031.75,37,33,22.927778,2,,,,,,,,,,
1560,20967,1031.69,85,64,11.996395,5,,,,,,,,,,
1561,21803,1031.56,200,47,5.106733,5,,,,,,,,,,
1562,18097C,1029.41,70,44,13.725467,5,,,,,,,,,,
1563,22024,1028.77,215,91,4.740876,5,,,,,,,,,,
1564,21679,1028.58,138,68,7.453478,5,,,,,,,,,,
1565,84944,1026.21,90,63,11.034516,5,,,,,,,,,,
1566,23545,1025.6,84,77,12.065882,5,,,,,,,,,,
1567,84558A,1025.57,86,50,11.395222,5,,,,,,,,,,
1568,22091,1024.47,168,98,5.921792,5,,,,,,,,,,
1569,22163,1023.03,124,42,8.055354,5,,,,,,,,,,
1570,20966,1022.8,101,29,10.126733,5,,,,,,,,,,
1571,21188,1021.9,50,28,20.037255,5,,,,,,,,,,
1572,22402,1020.58,152,108,6.459367,5,,,,,,,,,,
1573,23452,1019.81,88,70,11.58875,5,,,,,,,,,,
1574,85114B,1019.7,92,37,10.964516,5,,,,,,,,,,
1575,21361,1018.98,72,44,13.95863,5,,,,,,,,,,
1576,22459,1018.19,28,13,36.363929,2,,,,,,,,,,
1577,15044C,1017.89,89,44,11.185604,5,,,,,,,,,,
1578,21464,1017,106,58,9.330275,5,,,,,,,,,,
1579,20931,1015.85,69,36,14.307746,5,,,,,,,,,,
1580,85180A,1014.76,64,33,15.611692,5,,,,,,,,,,
1581,22221,1014.43,52,39,19.140189,5,,,,,,,,,,
1582,21788,1014.14,86,62,11.144396,5,,,,,,,,,,
1583,51014L,1013.46,150,73,6.623922,5,,,,,,,,,,
1584,21617,1013.01,102,63,9.556698,5,,,,,,,,,,
1585,22679,1011.78,160,55,6.284348,5,,,,,,,,,,
1586,22614,1010.47,220,134,4.431886,5,,,,,,,,,,
1587,21354,1010.21,95,56,10.414536,5,,,,,,,,,,
1588,23107,1009.51,73,61,13.828904,5,,,,,,,,,,
1589,21288,1009.06,112,34,8.851404,5,,,,,,,,,,
1590,22860,1007.87,108,84,8.919204,5,,,,,,,,,,
1591,23544,1007.53,21,17,47.977619,2,,,,,,,,,,
1592,22923,1005.94,83,66,11.302697,5,,,,,,,,,,
1593,22279,1005.9,129,45,7.506716,5,,,,,,,,,,
1594,23153,1005.69,91,68,11.051538,5,,,,,,,,,,
1595,22673,1004.83,132,86,7.443185,5,,,,,,,,,,
1596,23121,1002.54,111,82,8.3545,5,,,,,,,,,,
1597,22695,1001.49,123,83,8.01192,5,,,,,,,,,,
1598,23281,1000.82,101,57,9.623269,5,,,,,,,,,,
1599,21355,998.83,122,96,7.742868,5,,,,,,,,,,
1600,21467,996.89,105,59,9.404623,5,,,,,,,,,,
1601,22069,996.8,146,27,6.735135,5,,,,,,,,,,
1602,23517,996.38,63,51,15.815556,5,,,,,,,,,,
1603,10125,994.84,91,50,10.583404,5,,,,,,,,,,
1604,21821,992.05,63,36,15.500781,5,,,,,,,,,,
1605,21648,991.54,68,28,14.164857,5,,,,,,,,,,
1606,23533,986.29,36,28,27.396944,2,,,,,,,,,,
1607,22808,985.77,76,52,12.970658,5,,,,,,,,,,
1608,85232D,982.08,73,46,13.271351,5,,,,,,,,,,
1609,35471D,982.07,224,116,4.161314,5,,,,,,,,,,
1610,21948,979.48,153,38,6.278718,5,,,,,,,,,,
1611,23512,977.32,57,47,16.850345,5,,,,,,,,,,
1612,20886,976.48,106,57,9.041481,5,,,,,,,,,,
1613,72816,976.27,72,27,13.373562,5,,,,,,,,,,
1614,22857,975.13,62,57,15.002,5,,,,,,,,,,
1615,22098,973.08,173,99,5.231613,5,,,,,,,,,,
1616,84459A,970.27,92,51,9.900714,5,,,,,,,,,,
1617,22500,970.07,96,79,9.604653,5,,,,,,,,,,
1618,23380,969.46,122,87,7.75568,5,,,,,,,,,,
1619,23518,965.96,45,41,20.99913,2,,,,,,,,,,
1620,21389,965.93,129,82,7.050584,5,,,,,,,,,,
1621,84509G,965.41,68,43,14.197206,5,,,,,,,,,,
1622,23514,964.91,75,58,12.865467,5,,,,,,,,,,
1623,20802,964.4,64,41,14.836923,5,,,,,,,,,,
1624,22540,960.44,92,52,10.327312,5,,,,,,,,,,
1625,22210,959.7,187,118,4.921538,5,,,,,,,,,,
1626,47504H,959.38,119,70,8.062017,5,,,,,,,,,,
1627,20846,958.57,88,51,10.650778,5,,,,,,,,,,
1628,22209,958.41,174,101,5.354246,5,,,,,,,,,,
1629,22681,958.34,132,46,6.995182,5,,,,,,,,,,
1630,21058,958.01,123,69,7.484453,5,,,,,,,,,,
1631,23460,957.33,44,41,20.368723,2,,,,,,,,,,
1632,84596G,957.3,248,85,3.79881,5,,,,,,,,,,
1633,85064,956.65,34,22,27.332857,2,,,,,,,,,,
1634,35651,953.76,59,30,15.896,5,,,,,,,,,,
1635,84913A,952.83,125,11,7.62264,5,,,,,,,,,,
1636,84843,952.13,49,37,19.0426,5,,,,,,,,,,
1637,47593B,951.11,246,69,3.835121,5,,,,,,,,,,
1638,22262,949.61,138,63,6.504178,5,,,,,,,,,,
1639,21198,948.71,72,48,12.820405,5,,,,,,,,,,
1640,21683,948.7,59,40,16.079661,5,,,,,,,,,,
1641,22599,947.36,124,59,7.57888,5,,,,,,,,,,
1642,21717,946.93,43,35,22.021628,2,,,,,,,,,,
1643,22994,945.6,219,90,4.165639,5,,,,,,,,,,
1644,15044B,943.88,62,38,15.223871,5,,,,,,,,,,
1645,70007,943.16,108,47,8.346549,5,,,,,,,,,,
1646,22246,939.37,91,32,10.322747,5,,,,,,,,,,
1647,22242,938.28,38,24,23.457,2,,,,,,,,,,
1648,35646,937.25,94,33,9.763021,5,,,,,,,,,,
1649,23183,937.17,85,46,10.649659,5,,,,,,,,,,
1650,84819,934.79,63,57,14.606094,5,,,,,,,,,,
1651,22231,934.71,145,94,5.915886,5,,,,,,,,,,
1652,20686,932.42,78,52,11.802785,5,,,,,,,,,,
1653,20752,930.95,151,93,6.04513,5,,,,,,,,,,
1654,23540,930.5,14,10,66.464286,2,,,,,,,,,,
1655,23179,930.48,53,37,17.556226,5,,,,,,,,,,
1656,23178,929.47,69,51,12.732466,5,,,,,,,,,,
1657,22132,928.83,155,61,5.992452,5,,,,,,,,,,
1658,22313,927.33,66,42,13.637206,5,,,,,,,,,,
1659,22924,924.5,89,64,9.630208,5,,,,,,,,,,
1660,85185B,923.99,76,52,10.870471,5,,,,,,,,,,
1661,22307,923.74,75,54,11.54675,5,,,,,,,,,,
1662,22893,922.2,144,46,6.189262,5,,,,,,,,,,
1663,18098C,921.87,65,25,13.759254,5,,,,,,,,,,
1664,17091J,920.67,95,67,9.299697,5,,,,,,,,,,
1665,22270,920.06,54,36,15.594237,5,,,,,,,,,,
1666,21802,919.98,181,46,4.999891,5,,,,,,,,,,
1667,85034A,919.27,80,59,10.101868,5,,,,,,,,,,
1668,21682,916.11,58,43,15.795,5,,,,,,,,,,
1669,21462,915.9,73,58,12.546575,5,,,,,,,,,,
1670,22046,914.72,76,62,11.879481,5,,,,,,,,,,
1671,46776F,912.03,90,7,10.133667,5,,,,,,,,,,
1672,21786,909.01,229,57,3.835485,5,,,,,,,,,,
1673,21894,908.33,131,58,6.72837,5,,,,,,,,,,
1674,22519,906.75,91,54,9.964286,5,,,,,,,,,,
1675,84519A,905.55,88,46,10.290341,5,,,,,,,,,,
1676,23338,902.92,110,63,8.208364,5,,,,,,,,,,
1677,72799E,902.24,77,45,11.420759,5,,,,,,,,,,
1678,22770,899.1,63,45,13.622727,5,,,,,,,,,,
1679,23532,898.38,31,24,28.98,2,,,,,,,,,,
1680,21465,897.8,79,56,11.364557,5,,,,,,,,,,
1681,22277,897.74,100,55,8.9774,5,,,,,,,,,,
1682,23502,896.41,94,81,9.435895,5,,,,,,,,,,
1683,22814,893.51,235,76,3.786059,5,,,,,,,,,,
1684,84823,890.4,27,26,32.977778,2,,,,,,,,,,
1685,85131A,890.21,120,22,7.296803,5,,,,,,,,,,
1686,21189,888.67,72,28,12.173562,5,,,,,,,,,,
1687,22719,884.55,116,26,7.37125,5,,,,,,,,,,
1688,37501,884.05,52,29,17.000962,5,,,,,,,,,,
1689,22524,883.2,87,56,10.036364,5,,,,,,,,,,
1690,22682,883,120,53,7.237705,5,,,,,,,,,,
1691,22317,882.62,89,36,9.806889,5,,,,,,,,,,
1692,22321,880.48,133,46,6.570746,5,,,,,,,,,,
1693,22701,879.89,116,40,7.271818,5,,,,,,,,,,
1694,85176,879.62,173,51,5.084509,5,,,,,,,,,,
1695,22281,878.32,63,36,13.72375,5,,,,,,,,,,
1696,21209,877.91,90,50,9.339468,5,,,,,,,,,,
1697,22308,877.38,105,28,8.356,5,,,,,,,,,,
1698,22118,877.06,89,68,9.638022,5,,,,,,,,,,
1699,21695,875.38,41,36,20.842381,2,,,,,,,,,,
1700,22565,873.52,148,86,5.823467,5,,,,,,,,,,
1701,85036C,872.61,87,67,8.995979,5,,,,,,,,,,
1702,84536B,872.03,180,75,4.791374,5,,,,,,,,,,
1703,22251,871.99,138,68,6.097832,5,,,,,,,,,,
1704,23002,871.53,193,86,4.251366,5,,,,,,,,,,
1705,85049H,870.35,184,59,4.629521,5,,,,,,,,,,
1706,21204,868.44,85,45,10.216941,5,,,,,,,,,,
1707,21199,868.17,79,46,10.852125,5,,,,,,,,,,
1708,23413,868.11,59,35,14.231311,5,,,,,,,,,,
1709,23479,865.32,44,36,19.229333,5,,,,,,,,,,
1710,21743,864.05,51,30,16.30283,5,,,,,,,,,,
1711,21708,863.11,65,29,13.077424,5,,,,,,,,,,
1712,23220,860.02,104,56,8.113396,5,,,,,,,,,,
1713,22343,858.6,95,49,8.94375,5,,,,,,,,,,
1714,23423,858.15,67,48,12.436957,5,,,,,,,,,,
1715,22683,856.49,128,55,6.588385,5,,,,,,,,,,
1716,23099,855.65,59,47,13.581746,5,,,,,,,,,,
1717,21823,854.74,100,62,7.914259,5,,,,,,,,,,
1718,21880,850.98,241,85,3.516446,5,,,,,,,,,,
1719,85183A,849.54,87,62,9.439333,5,,,,,,,,,,
1720,84006,848.7,106,47,7.931776,5,,,,,,,,,,
1721,85135C,848.43,70,42,11.949718,5,,,,,,,,,,
1722,22862,843.95,67,43,12.056429,5,,,,,,,,,,
1723,84509B,843.34,83,38,10.039762,5,,,,,,,,,,
1724,22068,841.93,144,58,5.650537,5,,,,,,,,,,
1725,23564,841.31,76,40,11.069868,5,,,,,,,,,,
1726,23551,841.01,136,89,5.96461,5,,,,,,,,,,
1727,20839,840.44,106,45,7.928679,5,,,,,,,,,,
1728,22802,840.36,49,31,16.8072,5,,,,,,,,,,
1729,21694,840.33,24,19,35.01375,2,,,,,,,,,,
1730,22706,837.44,72,65,11.631111,5,,,,,,,,,,
1731,22254,836.8,61,34,13.718033,5,,,,,,,,,,
1732,21631,833.59,27,16,30.873704,2,,,,,,,,,,
1733,20986,833.49,113,41,7.063475,5,,,,,,,,,,
1734,22587,833.07,162,104,5.018494,5,,,,,,,,,,
1735,37327,832.77,87,37,9.253,5,,,,,,,,,,
1736,21125,832.23,104,61,7.635138,5,,,,,,,,,,
1737,21399,831,73,51,10.792208,5,,,,,,,,,,
1738,21804,830.03,70,38,11.690563,5,,,,,,,,,,
1739,23004,829.66,222,74,3.591602,5,,,,,,,,,,
1740,84660c,828.24,63,21,13.146667,5,,,,,,,,,,
1741,22341,827.63,78,38,10.610641,5,,,,,,,,,,
1742,21294,825.49,74,47,10.861711,5,,,,,,,,,,
1743,84509C,824.91,78,21,10.441899,5,,,,,,,,,,
1744,22537,824.68,172,116,4.712457,5,,,,,,,,,,
1745,21905,823.71,160,85,5.116211,5,,,,,,,,,,
1746,22249,823.06,146,74,5.24242,5,,,,,,,,,,
1747,84849D,821.82,117,67,6.90605,5,,,,,,,,,,
1748,22276,821.01,87,54,9.329659,5,,,,,,,,,,
1749,21291,819.64,52,33,15.762308,5,,,,,,,,,,
1750,23186,810.22,71,57,11.098904,5,,,,,,,,,,
1751,22093,809.08,161,116,4.815952,5,,,,,,,,,,
1752,22162,808.79,95,22,8.252959,5,,,,,,,,,,
1753,84660A,808.75,48,31,16.505102,5,,,,,,,,,,
1754,22454,804.22,43,32,17.871556,5,,,,,,,,,,
1755,22546,799.98,87,51,9.090682,5,,,,,,,,,,
1756,85194L,799.94,74,53,10.388831,5,,,,,,,,,,
1757,22503,799.2,35,16,21.6,2,,,,,,,,,,
1758,85169A,798.02,89,45,8.866889,5,,,,,,,,,,
1759,72818,796.06,81,52,9.591084,5,,,,,,,,,,
1760,22268,795.78,161,74,4.736786,5,,,,,,,,,,
1761,22566,794.88,150,95,5.095385,5,,,,,,,,,,
1762,21162,794.15,162,99,4.81303,5,,,,,,,,,,
1763,22099,793.4,154,97,4.808485,5,,,,,,,,,,
1764,23521,793.37,44,22,18.031136,5,,,,,,,,,,
1765,23519,792.31,24,19,33.012917,2,,,,,,,,,,
1766,22705,790.86,78,62,10.010886,5,,,,,,,,,,
1767,21789,789.2,93,56,8.053061,5,,,,,,,,,,
1768,85170D,788.99,101,31,7.735196,5,,,,,,,,,,
1769,21504,788.97,116,75,6.743333,5,,,,,,,,,,
1770,84535B,788.45,157,81,4.958805,5,,,,,,,,,,
1771,85035A,786.49,85,61,8.456882,5,,,,,,,,,,
1772,21680,786.31,103,44,7.634078,5,,,,,,,,,,
1773,23568,786.27,49,25,16.046327,5,,,,,,,,,,
1774,79160,785.33,50,31,13.540172,5,,,,,,,,,,
1775,21642,784.48,103,82,7.067387,5,,,,,,,,,,
1776,22518,783.54,84,45,9.218118,5,,,,,,,,,,
1777,21633,782.6,43,14,18.2,5,,,,,,,,,,
1778,22217,782.51,84,64,9.206,5,,,,,,,,,,
1779,85173,782.27,87,42,8.889432,5,,,,,,,,,,
1780,21272,781.32,107,50,6.853684,5,,,,,,,,,,
1781,23106,780.91,54,50,14.461296,5,,,,,,,,,,
1782,23444,779.22,81,64,9.62,5,,,,,,,,,,
1783,22451,779.15,57,36,13.433621,5,,,,,,,,,,
1784,23115,778.77,46,39,16.224375,5,,,,,,,,,,
1785,85032A,777.14,135,83,5.714265,5,,,,,,,,,,
1786,22228,776.93,148,82,5.214295,5,,,,,,,,,,
1787,22422,776.75,205,54,3.716507,5,,,,,,,,,,
1788,23409,775.43,44,40,17.231778,5,,,,,,,,,,
1789,22340,774.88,129,54,5.915115,5,,,,,,,,,,
1790,85036A,774.68,63,49,10.612055,5,,,,,,,,,,
1791,84519B,774.55,126,64,6.051172,5,,,,,,,,,,
1792,21158,774.46,171,104,4.302556,5,,,,,,,,,,
1793,85231B,773.15,155,75,4.893354,5,,,,,,,,,,
1794,21618,770.87,93,49,7.7087,5,,,,,,,,,,
1795,22133,770.73,133,42,5.794962,5,,,,,,,,,,
1796,21983,770.71,156,100,4.940449,5,,,,,,,,,,
1797,85125,769.21,35,15,21.366944,2,,,,,,,,,,
1798,21084,768.58,182,91,4.154486,5,,,,,,,,,,
1799,22685,768.3,105,50,7.317143,5,,,,,,,,,,
1800,23335,767.9,97,63,7.679,5,,,,,,,,,,
1801,22522,764.09,131,101,5.659926,5,,,,,,,,,,
1802,21707,763.66,74,45,10.31973,5,,,,,,,,,,
1803,23550,763.1,64,61,11.923438,5,,,,,,,,,,
1804,22252,762.82,68,48,10.594722,5,,,,,,,,,,
1805,85212,761.4,79,61,9.285366,5,,,,,,,,,,
1806,22025,761.05,132,74,5.679478,5,,,,,,,,,,
1807,85130B,760.43,62,45,12.265,5,,,,,,,,,,
1808,17084R,760.32,27,16,28.16,2,,,,,,,,,,
1809,21287,760.15,55,48,13.820909,5,,,,,,,,,,
1810,10002,759.89,73,41,10.409452,5,,,,,,,,,,
1811,84279B,759.7,72,49,9.866234,5,,,,,,,,,,
1812,22833,759.24,7,5,108.462857,1,,,,,,,,,,
1813,22753,758.98,217,99,3.449909,5,,,,,,,,,,
1814,23282,757.86,135,68,5.531825,5,,,,,,,,,,
1815,22480,757.21,74,58,10.096133,5,,,,,,,,,,
1816,23123,755.42,96,65,7.708367,5,,,,,,,,,,
1817,21822,754.75,98,47,6.988426,5,,,,,,,,,,
1818,21383,754.53,168,76,4.287102,5,,,,,,,,,,
1819,84913B,754.07,86,20,8.768256,5,,,,,,,,,,
1820,23124,751.38,43,24,17.473953,5,,,,,,,,,,
1821,21126,750.2,126,58,5.860938,5,,,,,,,,,,
1822,84660B,749.94,42,21,17.440465,5,,,,,,,,,,
1823,23324,748.53,45,39,16.272391,5,,,,,,,,,,
1824,84763,748.34,59,40,12.683729,5,,,,,,,,,,
1825,23025,748.32,55,41,13.605818,5,,,,,,,,,,
1826,22481,748.08,129,69,5.667273,5,,,,,,,,,,
1827,85032B,747.79,133,85,5.580522,5,,,,,,,,,,
1828,23022,745.76,23,20,28.683077,2,,,,,,,,,,
1829,23454,745.65,53,42,12.4275,5,,,,,,,,,,
1830,21215,745.45,124,52,5.823828,5,,,,,,,,,,
1831,22316,742.37,56,29,13.024035,5,,,,,,,,,,
1832,20733,742.06,206,31,3.550526,5,,,,,,,,,,
1833,23223,741.89,89,52,8.064022,5,,,,,,,,,,
1834,22106,741.63,48,10,15.135306,5,,,,,,,,,,
1835,22523,741.46,138,99,5.334245,5,,,,,,,,,,
1836,22336,739.46,82,49,8.598372,5,,,,,,,,,,
1837,22264,738.68,96,39,7.3868,5,,,,,,,,,,
1838,22322,737.61,140,31,5.268643,5,,,,,,,,,,
1839,22097,735.67,146,104,4.431747,5,,,,,,,,,,
1840,22258,735.14,78,36,9.30557,5,,,,,,,,,,
1841,23435,734.79,99,41,7.3479,5,,,,,,,,,,
1842,22495,734.07,99,61,7.3407,5,,,,,,,,,,
1843,22586,733.75,163,101,4.44697,5,,,,,,,,,,
1844,84609,732.97,22,17,33.316818,2,,,,,,,,,,
1845,23006,732.51,174,89,4.092235,5,,,,,,,,,,
1846,22393,731.78,72,45,9.888919,5,,,,,,,,,,
1847,15034,731.73,139,71,5.153028,5,,,,,,,,,,
1848,22400,731.43,151,113,4.571438,5,,,,,,,,,,
1849,23562,730.37,43,38,16.230444,5,,,,,,,,,,
1850,21398,729.6,64,44,11.4,5,,,,,,,,,,
1851,90200D,729.57,78,22,9.235063,5,,,,,,,,,,
1852,22250,729.25,148,58,4.861667,5,,,,,,,,,,
1853,21643,728.31,62,28,11.746935,5,,,,,,,,,,
1854,21677,727.64,120,63,6.063667,5,,,,,,,,,,
1855,20996,727.46,225,125,3.176681,5,,,,,,,,,,
1856,23522,727.44,32,21,22.7325,2,,,,,,,,,,
1857,22103,726.38,27,14,23.431613,2,,,,,,,,,,
1858,23071,725.49,21,17,25.016897,2,,,,,,,,,,
1859,79030G,725.43,69,45,10.363286,5,,,,,,,,,,
1860,85131D,725.26,206,6,3.52068,5,,,,,,,,,,
1861,21883,725.23,134,83,5.412164,5,,,,,,,,,,
1862,22821,722.67,140,53,5.125319,5,,,,,,,,,,
1863,72803A,722.47,44,31,15.70587,5,,,,,,,,,,
1864,21927,722.4,101,43,6.627523,5,,,,,,,,,,
1865,21530,721.38,105,66,6.383894,5,,,,,,,,,,
1866,79067,719.69,40,17,17.99225,5,,,,,,,,,,
1867,23114,719.1,47,41,14.98125,5,,,,,,,,,,
1868,22718,717.23,169,71,4.169942,5,,,,,,,,,,
1869,84581,717.21,92,61,7.711935,5,,,,,,,,,,
1870,23140,716.3,53,30,13.515094,5,,,,,,,,,,
1871,22287,715.48,81,52,8.620241,5,,,,,,,,,,
1872,21775,713.11,140,35,5.093643,5,,,,,,,,,,
1873,22684,712.32,104,42,6.475636,5,,,,,,,,,,
1874,22026,712.08,161,72,4.395556,5,,,,,,,,,,
1875,85032C,712.04,141,73,4.944722,5,,,,,,,,,,
1876,23325,711.24,36,28,18.716842,5,,,,,,,,,,
1877,21636,709.66,74,61,8.761235,5,,,,,,,,,,
1878,23070,709.54,44,30,16.125909,5,,,,,,,,,,
1879,21739,708.98,111,39,6.274159,5,,,,,,,,,,
1880,22201,708.3,89,30,7.87,5,,,,,,,,,,
1881,23055,708.24,40,34,15.068936,5,,,,,,,,,,
1882,79066K,706.91,157,71,4.445975,5,,,,,,,,,,
1883,22514,706.55,104,62,6.729048,5,,,,,,,,,,
1884,21143,705.28,40,28,16.029091,5,,,,,,,,,,
1885,21356,704.55,151,38,4.604902,5,,,,,,,,,,
1886,16235,702.75,169,69,4.133824,5,,,,,,,,,,
1887,21106,702.51,53,31,13.009444,5,,,,,,,,,,
1888,85049D,702.41,114,86,5.952627,5,,,,,,,,,,
1889,85159A,700.95,48,39,13.225472,5,,,,,,,,,,
1890,22786,700.49,47,32,14.904043,5,,,,,,,,,,
1891,23072,699.54,32,22,21.198182,2,,,,,,,,,,
1892,23222,698.61,76,50,8.843165,5,,,,,,,,,,
1893,22936,697.97,51,31,13.169245,5,,,,,,,,,,
1894,22981,696.88,106,59,6.278198,5,,,,,,,,,,
1895,85078,696.8,125,47,5.5744,5,,,,,,,,,,
1896,79164,695.01,25,13,25.741111,2,,,,,,,,,,
1897,16225,691.85,102,58,6.652404,5,,,,,,,,,,
1898,35923,690.13,64,31,10.617385,5,,,,,,,,,,
1899,22324,688.3,74,21,9.177333,5,,,,,,,,,,
1900,21650,688.29,133,49,4.916357,5,,,,,,,,,,
1901,23487,684.43,45,42,13.6886,5,,,,,,,,,,
1902,46776B,683.8,89,7,7.683146,5,,,,,,,,,,
1903,21289,683.75,50,21,13.406863,5,,,,,,,,,,
1904,21163,683.37,129,88,4.951957,5,,,,,,,,,,
1905,85071B,683.01,126,89,5.135414,5,,,,,,,,,,
1906,85019B,682.97,37,22,18.458649,5,,,,,,,,,,
1907,21208,681.78,85,51,7.660449,5,,,,,,,,,,
1908,35001G,681.59,30,24,20.654242,2,,,,,,,,,,
1909,21066,679.72,55,34,12.137857,5,,,,,,,,,,
1910,22136,679.48,86,38,7.634607,5,,,,,,,,,,
1911,23187,678.57,76,67,8.482125,5,,,,,,,,,,
1912,79191C,678.23,66,58,8.695256,5,,,,,,,,,,
1913,22806,677.04,38,29,17.816842,5,,,,,,,,,,
1914,22062,677.03,78,45,7.781954,5,,,,,,,,,,
1915,21359,674.72,32,23,19.844706,5,,,,,,,,,,
1916,22403,674.67,126,73,5.270859,5,,,,,,,,,,
1917,22856,673.98,29,22,22.466,2,,,,,,,,,,
1918,84659A,673.72,91,20,7.403516,5,,,,,,,,,,
1919,22267,673.17,83,68,7.919647,5,,,,,,,,,,
1920,46776A,672.6,71,7,9.473239,5,,,,,,,,,,
1921,84923,671.62,98,1,6.853265,5,,,,,,,,,,
1922,85103,671.14,30,7,22.371333,2,,,,,,,,,,
1923,21317,671.09,35,24,18.137568,5,,,,,,,,,,
1924,84796a,670.6,55,11,12.192727,5,,,,,,,,,,
1925,23597,667.27,32,29,19.625588,5,,,,,,,,,,
1926,22339,666.38,85,46,7.322857,5,,,,,,,,,,
1927,23120,665.17,101,70,5.784087,5,,,,,,,,,,
1928,47574A,664.45,116,38,5.630932,5,,,,,,,,,,
1929,20767,663.71,79,51,8.094024,5,,,,,,,,,,
1930,40001,663.07,58,24,10.524921,5,,,,,,,,,,
1931,23024,662.87,12,9,55.239167,2,,,,,,,,,,
1932,21613,661.93,43,38,15.393721,5,,,,,,,,,,
1933,23547,661.5,62,57,10.669355,5,,,,,,,,,,
1934,23482,661.02,39,33,16.949231,5,,,,,,,,,,
1935,23017,659.34,23,21,28.666957,2,,,,,,,,,,
1936,84872a,659.34,57,4,11.567368,5,,,,,,,,,,
1937,21261,658.17,45,25,14.626,5,,,,,,,,,,
1938,22450,657.76,59,43,10.782951,5,,,,,,,,,,
1939,22756,656.52,123,69,5.337561,5,,,,,,,,,,
1940,22448,656.43,45,30,14.587333,5,,,,,,,,,,
1941,22615,656.05,103,62,6.308173,5,,,,,,,,,,
1942,85199L,654.98,97,53,6.683469,5,,,,,,,,,,
1943,21696,654.7,35,28,18.186111,5,,,,,,,,,,
1944,21187,651.75,49,31,12.779412,5,,,,,,,,,,
1945,37475,651.57,43,28,14.808409,5,,,,,,,,,,
1946,22535,650.85,135,89,4.716304,5,,,,,,,,,,
1947,22204,650.79,80,24,7.936463,5,,,,,,,,,,
1948,22525,648.97,77,43,8.428182,5,,,,,,,,,,
1949,20704,648.6,45,39,14.413333,5,,,,,,,,,,
1950,22953,647.11,98,62,6.536465,5,,,,,,,,,,
1951,22715,645.64,130,79,4.966462,5,,,,,,,,,,
1952,84789,644.47,50,34,12.636667,5,,,,,,,,,,
1953,85177,644.21,64,41,9.910923,5,,,,,,,,,,
1954,21640,644.03,78,39,7.576824,5,,,,,,,,,,
1955,17021,643.14,47,30,11.283158,5,,,,,,,,,,
1956,21808,641.58,49,22,12.8316,5,,,,,,,,,,
1957,21446,640.92,106,48,5.477949,5,,,,,,,,,,
1958,35810A,640.92,76,47,8.216923,5,,,,,,,,,,
1959,20658,638.36,107,45,5.803273,5,,,,,,,,,,
1960,23224,637.4,72,45,8.731507,5,,,,,,,,,,
1961,22533,636.41,91,69,6.9175,5,,,,,,,,,,
1962,22067,636.12,71,34,8.37,5,,,,,,,,,,
1963,84086C,634.07,53,14,11.528545,5,,,,,,,,,,
1964,20902,633.82,57,7,11.119649,5,,,,,,,,,,
1965,84817,632.94,56,49,10.20871,5,,,,,,,,,,
1966,84596L,632.26,174,50,3.612914,5,,,,,,,,,,
1967,23042,631.81,29,26,21.786552,2,,,,,,,,,,
1968,23453,631.58,47,41,12.383922,5,,,,,,,,,,
1969,23216,630.73,44,33,14.016222,5,,,,,,,,,,
1970,21747,630.61,55,32,11.465636,5,,,,,,,,,,
1971,72232,630.23,65,45,9.548939,5,,,,,,,,,,
1972,85163B,629.37,37,12,17.01,5,,,,,,,,,,
1973,21627,629.37,48,15,13.111875,5,,,,,,,,,,
1974,23019,629.05,28,26,22.466071,2,,,,,,,,,,
1975,23492,628.74,28,25,22.455,2,,,,,,,,,,
1976,23027,627.95,30,27,20.931667,2,,,,,,,,,,
1977,21417,627.7,69,25,9.097101,5,,,,,,,,,,
1978,21054,627.54,31,25,20.243226,2,,,,,,,,,,
1979,22559,626.53,83,34,7.548554,5,,,,,,,,,,
1980,21205,626.19,69,45,8.3492,5,,,,,,,,,,
1981,23456,625.8,37,33,16.913514,5,,,,,,,,,,
1982,20735,625.8,114,12,5.489474,5,,,,,,,,,,
1983,21351,625.63,36,29,16.041795,5,,,,,,,,,,
1984,21865,625.23,107,53,5.632703,5,,,,,,,,,,
1985,22269,622.74,125,63,4.903465,5,,,,,,,,,,
1986,22035,622.36,142,66,4.352168,5,,,,,,,,,,
1987,21684,622.3,48,28,12.7,5,,,,,,,,,,
1988,20840,622.12,76,36,8.079481,5,,,,,,,,,,
1989,22520,622.1,117,89,5.184167,5,,,,,,,,,,
1990,79163,621.39,40,26,14.795,5,,,,,,,,,,
1991,22105,619.82,34,10,18.23,5,,,,,,,,,,
1992,22396,619.43,129,88,4.58837,5,,,,,,,,,,
1993,21628,619.38,34,15,17.696571,5,,,,,,,,,,
1994,23462,619.38,48,44,10.497966,5,,,,,,,,,,
1995,20772,618.64,66,41,9.373333,5,,,,,,,,,,
1996,22288,618.2,58,38,9.812698,5,,,,,,,,,,
1997,21426,616.18,47,17,12.3236,5,,,,,,,,,,
1998,23471,615.94,27,27,21.997857,2,,,,,,,,,,
1999,23408,615.68,60,53,9.930323,5,,,,,,,,,,
2000,84637,614.13,83,12,7.399157,5,,,,,,,,,,
